ต้องเช็ค,รุ่น,หมวด,ชื่อรายการ,รหัส (คิดราคา),รหัสอื่นตามสี,ราคา/หน่วย,หน่วย,จำนวน,ยอดเงิน,ขนาดที่ใช้คิด,รหัส (ใบตัด),จำนวนในใบตัด,หน่วยในใบตัด,ตรงกันไหม,ไฟล์ตัดประกอบ
✓ ผ่าน,บานเลื่อน ยูโร,อลูมิเนียม,เสา + ขวาง,F7980,,1423.3,เส้น,12,8673.23,600×300 3 บาน,F7980,12,ชิ้น,ตรง,JR_FUJI_บานเลื่อน
✓ ผ่าน,บานเลื่อน ยูโร,อลูมิเนียม,คิ้ว ตั้ง + คิ้ว ขวาง,F7919,F7917,192.2,เส้น,12,1171.22,600×300 3 บาน,F7919,12,ชิ้น,ตรง,JR_FUJI_บานเลื่อน
✓ ผ่าน,บานเลื่อน ยูโร,อลูมิเนียม,เฟรมบน + เฟรมล่างกันน้ำ (งานนอก),F7869,,2623.2,เส้น,2,6394.04,600×300 3 บาน,F7869,2,ชิ้น,ตรง,JR_FUJI_บานเลื่อน
✓ ผ่าน,บานเลื่อน ยูโร,อลูมิเนียม,เฟรมข้าง,F7978,,914.2,เส้น,2,1114.18,600×300 3 บาน,F7978,2,ชิ้น,ตรง,JR_FUJI_บานเลื่อน
✓ ผ่าน,บานเลื่อน ยูโร,อลูมิเนียม,เดือย (ยูข้าง),F7986,,192.6,เส้น,2,234.73,600×300 3 บาน,F7986,2,ชิ้น,ตรง,JR_FUJI_บานเลื่อน
✓ ผ่าน,บานเลื่อน ยูโร,อลูมิเนียม,ตบเกี่ยว,F7983,,472.7,เส้น,4,1152.21,600×300 3 บาน,F7983,4,ชิ้น,ตรง,JR_FUJI_บานเลื่อน
✓ ผ่าน,บานเลื่อน ยูโร,อลูมิเนียม,เสารับแรง (สูงเกิน 2.6 ม.),F7951,,2036.2,เส้น,4,4963.24,600×300 3 บาน,F7951,4,ชิ้น,ตรง,JR_FUJI_บานเลื่อน
✓ ผ่าน,บานเลื่อน ยูโร,อลูมิเนียม,ตบยูข้าง (F7988) + ปิดตบเกี่ยว (F7988) + ตบกันสาด#2 (F7988),F7988,,70.5,เส้น,7,343.68,600×300 3 บาน,F7988,7,ชิ้น,ตรง,JR_FUJI_บานเลื่อน
✓ ผ่าน,บานเลื่อน ยูโร,อลูมิเนียม,ตบปิดราง F7993,F7993,,95,เส้น,3,347.34,600×300 3 บาน,F7993,3,ชิ้น,ตรง,JR_FUJI_บานเลื่อน
✓ ผ่าน,บานเลื่อน ยูโร,อลูมิเนียม,ตบราง F7994,F7994,,135,เส้น,3,493.59,600×300 3 บาน,F7994,3,ชิ้น,ตรง,JR_FUJI_บานเลื่อน
✓ ผ่าน,บานเลื่อน ยูโร,อลูมิเนียม,ตบปิดร่องบน (ตบกันสาด),F7992,,509,เส้น,1,620.34,600×300 3 บาน,F7992,1,ชิ้น,ตรง,JR_FUJI_บานเลื่อน
— ไม่ต้องทำ,บานเลื่อน ยูโร,กระจก,กระจก เขียว 6มม.,,,264,ตร.ม.,18.6,4910.4,600×300 3 บาน,,,,ใบตัดไม่มีรายการนี้,JR_FUJI_บานเลื่อน
✓ ผ่าน,บานเลื่อน ยูโร,อุปกรณ์/สิ้นเปลือง,ล้อ-15x20x230 (2/บาน),JR00577,,80,ตัว,6,480,600×300 3 บาน,JR00577,6,ตัว,ตรง,JR_FUJI_บานเลื่อน
🔴 ต้องแก้,บานเลื่อน ยูโร,อุปกรณ์/สิ้นเปลือง,มือจับ Align (2/บาน),JR00378,,99,ตัว,4,396,600×300 3 บาน,JR00378,2,ชุด,จำนวนต่าง,JR_FUJI_บานเลื่อน
✓ ผ่าน,บานเลื่อน ยูโร,อุปกรณ์/สิ้นเปลือง,แกนมือจับ A,JR00478,,18,อัน,4,72,600×300 3 บาน,JR00478,4,อัน,ตรง,JR_FUJI_บานเลื่อน
✓ ผ่าน,บานเลื่อน ยูโร,อุปกรณ์/สิ้นเปลือง,แกนมือจับ B,JR00479,,18,อัน,4,72,600×300 3 บาน,JR00479,4,อัน,ตรง,JR_FUJI_บานเลื่อน
✓ ผ่าน,บานเลื่อน ยูโร,อุปกรณ์/สิ้นเปลือง,ปลายมือจับ ดำ,JR00476,,30,อัน,4,120,600×300 3 บาน,JR00476,4,อัน,ตรง,JR_FUJI_บานเลื่อน
✓ ผ่าน,บานเลื่อน ยูโร,อุปกรณ์/สิ้นเปลือง,ตัวที เงิน,JR00475,,30,อัน,2,60,600×300 3 บาน,JR00475,2,อัน,ตรง,JR_FUJI_บานเลื่อน
✓ ผ่าน,บานเลื่อน ยูโร,อุปกรณ์/สิ้นเปลือง,ก้ามปูรับล็อค,JR00477,,9,อัน,4,36,600×300 3 บาน,JR00477,4,อัน,ตรง,JR_FUJI_บานเลื่อน
— ไม่ต้องทำ,บานเลื่อน ยูโร,อุปกรณ์/สิ้นเปลือง,ชุดล็อค,JR00246,,189,ชุด,2,378,600×300 3 บาน,,,,ใบตัดไม่มีรายการนี้,JR_FUJI_บานเลื่อน
✓ ผ่าน,บานเลื่อน ยูโร,อุปกรณ์/สิ้นเปลือง,ฉากประกอบมุม (12/บาน),JR00480,,2,ตัว,36,72,600×300 3 บาน,JR00480,36,ตัว,ตรง,JR_FUJI_บานเลื่อน
✓ ผ่าน,บานเลื่อน ยูโร,อุปกรณ์/สิ้นเปลือง,สปิงก็อท (4/บาน),JR00592,,29,ตัว,12,348,600×300 3 บาน,JR00592,12,ตัว,ตรง,JR_FUJI_บานเลื่อน
✓ ผ่าน,บานเลื่อน ยูโร,อุปกรณ์/สิ้นเปลือง,ยางรูน้ำ,JR00589,,5,อัน,11,55,600×300 3 บาน,JR00589,11,อัน,ตรง,JR_FUJI_บานเลื่อน
✓ ผ่าน,บานเลื่อน ยูโร,อุปกรณ์/สิ้นเปลือง,วาวรูน้ำ,JR00485,,5,อัน,11,55,600×300 3 บาน,JR00485,11,อัน,ตรง,JR_FUJI_บานเลื่อน
— ไม่ต้องทำ,บานเลื่อน ยูโร,อุปกรณ์/สิ้นเปลือง,สักหลาด,JR00794,,1.5,ม.,96,144,600×300 3 บาน,,,,ใบตัดไม่มีรายการนี้,JR_FUJI_บานเลื่อน
✓ ผ่าน,บานเลื่อน ยูโร,อุปกรณ์/สิ้นเปลือง,น็อต,JR00864,,1,ตัว,20,20,600×300 3 บาน,JR00864,20,ตัว,ตรง,JR_FUJI_บานเลื่อน
✓ ผ่าน,บานเลื่อน ยูโร,อุปกรณ์/สิ้นเปลือง,ซิลิโคน,JR00504,,90,หลอด,3,270,600×300 3 บาน,JR00504,3,หลอด,ตรง,JR_FUJI_บานเลื่อน
🟠 ต้องเติม,บานเลื่อน ยูโร,มีแต่ในใบตัด,มือจับ กุญแจ (Align),JR00377,,,ชุด,,,600×300 3 บาน,JR00377,1,ชุด,คิดราคาไม่มีรายการนี้,JR_FUJI_บานเลื่อน
🟠 ต้องเติม,บานเลื่อน ยูโร,มีแต่ในใบตัด,มือจับ ดัมมี่ (Align),JR00379,,,ชุด,,,600×300 3 บาน,JR00379,1,ชุด,คิดราคาไม่มีรายการนี้,JR_FUJI_บานเลื่อน
— ไม่ต้องทำ,บานเลื่อน ยูโร,อลูมิเนียม (ไม่ได้ใช้),เฟรมล่าง (งานใน ตัวเตี้ย),F7902,,1130,,0,0,600×300 3 บาน,,,,ไม่ได้ใช้ที่ขนาดนี้,JR_FUJI_บานเลื่อน
— ไม่ต้องทำ,บานเลื่อน ยูโร,อลูมิเนียม (ไม่ได้ใช้),เฟรมข้าง (2 ราง),F7979,,650,,0,0,600×300 3 บาน,,,,ไม่ได้ใช้ที่ขนาดนี้,JR_FUJI_บานเลื่อน
— ไม่ต้องทำ,บานเลื่อน ยูโร,อลูมิเนียม (ไม่ได้ใช้),ต่อเฟรมข้าง,F7989,,305,,0,0,600×300 3 บาน,,,,ไม่ได้ใช้ที่ขนาดนี้,JR_FUJI_บานเลื่อน
— ไม่ต้องทำ,บานเลื่อน ยูโร,อลูมิเนียม (ไม่ได้ใช้),ต่อราง,F7990,,940,,0,0,600×300 3 บาน,,,,ไม่ได้ใช้ที่ขนาดนี้,JR_FUJI_บานเลื่อน
— ไม่ต้องทำ,บานเลื่อน ยูโร,อลูมิเนียม (ไม่ได้ใช้),ต่อชนกลาง (ไม่เกิน 2.8 ม.),F7925,,395,,0,0,600×300 3 บาน,,,,ไม่ได้ใช้ที่ขนาดนี้,JR_FUJI_บานเลื่อน
— ไม่ต้องทำ,บานเลื่อน ยูโร,อลูมิเนียม (ไม่ได้ใช้),ชนกลางรับแรง (เกิน 2.8 ม.),F7855,,1230,,0,0,600×300 3 บาน,,,,ไม่ได้ใช้ที่ขนาดนี้,JR_FUJI_บานเลื่อน
— ไม่ต้องทำ,บานเลื่อน ยูโร,อลูมิเนียม (ไม่ได้ใช้),ตบปิดเฟรมร่องใน,F7880,,345,,0,0,600×300 3 บาน,,,,ไม่ได้ใช้ที่ขนาดนี้,JR_FUJI_บานเลื่อน
— ไม่ต้องทำ,บานเลื่อน ยูโร,อลูมิเนียม (ไม่ได้ใช้),ตบปิดเฟรมร่องกลาง,F7879,,355,,0,0,600×300 3 บาน,,,,ไม่ได้ใช้ที่ขนาดนี้,JR_FUJI_บานเลื่อน
✓ ผ่าน,บานเลื่อนเฟรมบาง SlimLux,อลูมิเนียม,"คาน (กล่อง 1""x4"")","กล่อง 1""x4""",,1400,เส้น,1,568.75,200×200 2 บาน,"กล่อง 1""X4""",1,ชิ้น,ตรง,JR_SlimLux_บานเลื่อน
✓ ผ่าน,บานเลื่อนเฟรมบาง SlimLux,อลูมิเนียม,"เสารับบาน (กล่อง 1""x3"")","กล่อง 1""x3""",,1400,เส้น,2,1123.28,200×200 2 บาน,"กล่อง 1""X3""",2,ชิ้น,ตรง,JR_SlimLux_บานเลื่อน
✓ ผ่าน,บานเลื่อนเฟรมบาง SlimLux,อลูมิเนียม,บังใบ 4 หุน,กล่อง 4 หุน,,210,เส้น,2,165.42,200×200 2 บาน,กล่อง 4 หุน,2,ชิ้น,ตรง,JR_SlimLux_บานเลื่อน
✓ ผ่าน,บานเลื่อนเฟรมบาง SlimLux,อลูมิเนียม,รางแขวน 1 ราง,XSW40008,,988,เส้น,2,782.68,200×200 2 บาน,XSW40008,2,ชิ้น,ตรง,JR_SlimLux_บานเลื่อน
✓ ผ่าน,บานเลื่อนเฟรมบาง SlimLux,อลูมิเนียม,ขวางบน-ล่าง,OPK-A201-40,,733,เส้น,4,583.06,200×200 2 บาน,OPK-A201-40,4,ชิ้น,ตรง,JR_SlimLux_บานเลื่อน
✓ ผ่าน,บานเลื่อนเฟรมบาง SlimLux,อลูมิเนียม,เสากุญแจ (ไส้เสาบาน),OPK-A202-40,,500,เส้น,4,753.19,200×200 2 บาน,OPK-A202-40,4,ชิ้น,ตรง,JR_SlimLux_บานเลื่อน
✓ ผ่าน,บานเลื่อนเฟรมบาง SlimLux,อลูมิเนียม,ตบเรียบหน้าเสากุญแจ,OPK-A203-40,,343,เส้น,2,268.1,200×200 2 บาน,OPK-A203-40,2,ชิ้น,ตรง,JR_SlimLux_บานเลื่อน
✓ ผ่าน,บานเลื่อนเฟรมบาง SlimLux,อลูมิเนียม,ตบเกี่ยวใส่สักหลาด,OPK-A204-40,,343,เส้น,3,402.15,200×200 2 บาน,OPK-A204-40,3,ชิ้น,ตรง,JR_SlimLux_บานเลื่อน
✓ ผ่าน,บานเลื่อนเฟรมบาง SlimLux,อลูมิเนียม,"ฉากปิดราง 2""","ฉาก 2""",,320,เส้น,2,260,200×200 2 บาน,"ฉาก 2""",2,ชิ้น,ตรง,JR_SlimLux_บานเลื่อน
✓ ผ่าน,บานเลื่อนเฟรมบาง SlimLux,อลูมิเนียม,ตบปิดใต้รางริม (ฝาปิดล่างเล็ก),XSW400013,,197,เส้น,2,156.06,200×200 2 บาน,XSW400013,2,ชิ้น,ตรง,JR_SlimLux_บานเลื่อน
✓ ผ่าน,บานเลื่อนเฟรมบาง SlimLux,อลูมิเนียม,ตบปิดใต้รางกลาง (ฝาปิดล่างใหญ่),XSW400023,,233,เส้น,1,92.29,200×200 2 บาน,XSW400023,1,ชิ้น,ตรง,JR_SlimLux_บานเลื่อน
— ไม่ต้องทำ,บานเลื่อนเฟรมบาง SlimLux,กระจก,กระจก เทมเปอร์ 6มม.,,,403,ตร.ม.,4,1612,200×200 2 บาน,,,,ใบตัดไม่มีรายการนี้,JR_SlimLux_บานเลื่อน
✓ ผ่าน,บานเลื่อนเฟรมบาง SlimLux,อุปกรณ์/สิ้นเปลือง,ล้อล่าง (ตัว),JR00572,,100,ตัว,4,400,200×200 2 บาน,JR00572,4,ตัว,ตรง,JR_SlimLux_บานเลื่อน
✓ ผ่าน,บานเลื่อนเฟรมบาง SlimLux,อุปกรณ์/สิ้นเปลือง,มือจับล็อค,JR00366,JR00367,200,ชุด,1,200,200×200 2 บาน,JR00366,1,ชุด,ตรง,JR_SlimLux_บานเลื่อน
— ไม่ต้องทำ,บานเลื่อนเฟรมบาง SlimLux,อุปกรณ์/สิ้นเปลือง,สักหลาด,JR00776,,1.5,ม.,5.8,8.7,200×200 2 บาน,,,,ใบตัดไม่มีรายการนี้,JR_SlimLux_บานเลื่อน
✓ ผ่าน,บานเลื่อนเฟรมบาง SlimLux,อุปกรณ์/สิ้นเปลือง,กล่องยาว (หัว+ท้ายบาน),JR00573,,0,กล่อง,2,0,200×200 2 บาน,JR00573,2,กล่อง,ตรง,JR_SlimLux_บานเลื่อน
✓ ผ่าน,บานเลื่อนเฟรมบาง SlimLux,อุปกรณ์/สิ้นเปลือง,ซิลิโคน,JR00504,,90,หลอด,2,180,200×200 2 บาน,JR00504,2,หลอด,ตรง,JR_SlimLux_บานเลื่อน
— ไม่ต้องทำ,บานเลื่อนเฟรมบาง SlimLux,อลูมิเนียม (ไม่ได้ใช้),เสามือจับ X-J,JR02890,,820,,0,0,200×200 2 บาน,,,,ไม่ได้ใช้ที่ขนาดนี้,JR_SlimLux_บานเลื่อน
— ไม่ต้องทำ,บานเลื่อนเฟรมบาง SlimLux,อลูมิเนียม (ไม่ได้ใช้),เสามือจับ X-J,JR02889,,820,,0,0,200×200 2 บาน,,,,ไม่ได้ใช้ที่ขนาดนี้,JR_SlimLux_บานเลื่อน
— ไม่ต้องทำ,บานเลื่อนเฟรมบาง SlimLux,อลูมิเนียม (ไม่ได้ใช้),เสามือจับ X-J,JR02891,,820,,0,0,200×200 2 บาน,,,,ไม่ได้ใช้ที่ขนาดนี้,JR_SlimLux_บานเลื่อน
— ไม่ต้องทำ,บานเลื่อนเฟรมบาง SlimLux,อุปกรณ์ (ไม่ได้ใช้),กล่องสั้น (บานกลาง),JR00575,,0,กล่อง,0,0,200×200 2 บาน,,,,ไม่ได้ใช้ที่ขนาดนี้,JR_SlimLux_บานเลื่อน
✓ ผ่าน,บานเปิด,อลูมิเนียม,เฟรมข้าง F7859 + เฟรมบน F7859,F7859,,1049.1,เส้น,3,1161.38,150×200 1 บาน,F7859,3,ชิ้น,ตรง,JR_FUJI_บานเปิดบานกระทุ้ง_1
— ไม่ต้องทำ,บานเปิด,อลูมิเนียม,เฟรมล่าง (ธรณี) F7938B,F7938B,,1530,เส้น,1,450.63,150×200 1 บาน,,,,ใบตัดไม่มีรายการนี้,JR_FUJI_บานเปิดบานกระทุ้ง_1
✓ ผ่าน,บานเปิด,อลูมิเนียม,ตบธรณี F7960,F7960,,571.5,เส้น,1,168.32,150×200 1 บาน,F7960,1,ชิ้น,ตรง,JR_FUJI_บานเปิดบานกระทุ้ง_1
— ไม่ต้องทำ,บานเปิด,อลูมิเนียม,เสา (กรอบบาน 10 ซม.) + ขวาง (กรอบบาน 10 ซม.),F7864,,1995,เส้น,4,2776.67,150×200 1 บาน,,,,ใบตัดไม่มีรายการนี้,JR_FUJI_บานเปิดบานกระทุ้ง_1
✓ ผ่าน,บานเปิด,อลูมิเนียม,คิ้วตั้ง F7935 + คิ้วขวาง F7935,F7935,,453.3,เส้น,4,564.61,150×200 1 บาน,F7935,4,ชิ้น,ตรง,JR_FUJI_บานเปิดบานกระทุ้ง_1
— ไม่ต้องทำ,บานเปิด,กระจก,กระจก เขียว 6มม.,,,264,ตร.ม.,3,792,150×200 1 บาน,,,,ใบตัดไม่มีรายการนี้,JR_FUJI_บานเปิดบานกระทุ้ง_1
✓ ผ่าน,บานเปิด,อุปกรณ์/สิ้นเปลือง,บานพับ hyda HD-631,JR00489,,117,ตัว,5,585,150×200 1 บาน,JR00489,5,ตัว,ตรง,JR_FUJI_บานเปิดบานกระทุ้ง_1
✓ ผ่าน,บานเปิด,อุปกรณ์/สิ้นเปลือง,มือจับ ล็อค+กุญแจ (KINGBO),JR00315,,330,ชุด,1,330,150×200 1 บาน,JR00315,1,ชุด,ตรง,JR_FUJI_บานเปิดบานกระทุ้ง_1
✓ ผ่าน,บานเปิด,อุปกรณ์/สิ้นเปลือง,ตลับกุญแจไฮด้า,JR00551,,315,ตัว,1,315,150×200 1 บาน,JR00551,1,ตัว,ตรง,JR_FUJI_บานเปิดบานกระทุ้ง_1
✓ ผ่าน,บานเปิด,อุปกรณ์/สิ้นเปลือง,ไส้กุญแจ CH 35x45,JR00499,,400,ตัว,1,400,150×200 1 บาน,JR00499,1,ตัว,ตรง,JR_FUJI_บานเปิดบานกระทุ้ง_1
✓ ผ่าน,บานเปิด,อุปกรณ์/สิ้นเปลือง,แผ่นรับล็อค,JR00562,,0,ชุด,1,0,150×200 1 บาน,JR00562,1,ชุด,ตรง,JR_FUJI_บานเปิดบานกระทุ้ง_1
✓ ผ่าน,บานเปิด,อุปกรณ์/สิ้นเปลือง,สปิงก็อท,JR00592,,0,ตัว,4,0,150×200 1 บาน,JR00592,4,ตัว,ตรง,JR_FUJI_บานเปิดบานกระทุ้ง_1
✓ ผ่าน,บานเปิด,อุปกรณ์/สิ้นเปลือง,ฉากประคองมุม,JR00267,,0,ตัว,8,0,150×200 1 บาน,JR00267,8,ตัว,ตรง,JR_FUJI_บานเปิดบานกระทุ้ง_1
✓ ผ่าน,บานเปิด,อุปกรณ์/สิ้นเปลือง,"น็อตเฟรม 1""",JR00864,,1,ตัว,8,8,150×200 1 บาน,JR00864,8,ตัว,ตรง,JR_FUJI_บานเปิดบานกระทุ้ง_1
🔴 ต้องแก้,บานเปิด,อุปกรณ์/สิ้นเปลือง,ยางกรอบบาน + ยางวงกบ,JR00771,,11,ม.,12.4,136.4,150×200 1 บาน,JR00771,14,เมตร,จำนวนต่าง,JR_FUJI_บานเปิดบานกระทุ้ง_1
— ไม่ต้องทำ,บานเปิด,อุปกรณ์/สิ้นเปลือง,ซิลิโคน,JR00504,,90,หลอด,2,180,150×200 1 บาน,,,,ใบตัดไม่มีรายการนี้,JR_FUJI_บานเปิดบานกระทุ้ง_1
🟠 ต้องเติม,บานเปิด,มีแต่ในใบตัด (อลู),เฟรม ล่าง,F7938,,,ชิ้น,,,150×200 1 บาน,F7938,1,ชิ้น,คิดราคาไม่มีรายการนี้,JR_FUJI_บานเปิดบานกระทุ้ง_1
🟠 ต้องเติม,บานเปิด,มีแต่ในใบตัด (อลู),เสา,7864,,,ชิ้น,,,150×200 1 บาน,7864,4,ชิ้น,คิดราคาไม่มีรายการนี้,JR_FUJI_บานเปิดบานกระทุ้ง_1
— ไม่ต้องทำ,บานเปิด,อลูมิเนียม (ไม่ได้ใช้),เฟรมข้าง F7939 (มีช่องแสงล่าง),F7939,,1350,,0,0,150×200 1 บาน,,,,ไม่ได้ใช้ที่ขนาดนี้,JR_FUJI_บานเปิดบานกระทุ้ง_1
— ไม่ต้องทำ,บานเปิด,อลูมิเนียม (ไม่ได้ใช้),ชายล่าง F7863,F7863,,435,,0,0,150×200 1 บาน,,,,ไม่ได้ใช้ที่ขนาดนี้,JR_FUJI_บานเปิดบานกระทุ้ง_1
— ไม่ต้องทำ,บานเปิด,อลูมิเนียม (ไม่ได้ใช้),เสา (กรอบบาน 8 ซม.),F7943,,1370,,0,0,150×200 1 บาน,,,,ไม่ได้ใช้ที่ขนาดนี้,JR_FUJI_บานเปิดบานกระทุ้ง_1
— ไม่ต้องทำ,บานเปิด,อลูมิเนียม (ไม่ได้ใช้),ชนกลาง F7945C,F7945C,,775,,0,0,150×200 1 บาน,,,,ไม่ได้ใช้ที่ขนาดนี้,JR_FUJI_บานเปิดบานกระทุ้ง_1
— ไม่ต้องทำ,บานเปิด,อลูมิเนียม (ไม่ได้ใช้),เฟรมแบ่งบาน F7854,F7854,,1320,,0,0,150×200 1 บาน,,,,ไม่ได้ใช้ที่ขนาดนี้,JR_FUJI_บานเปิดบานกระทุ้ง_1
— ไม่ต้องทำ,บานเปิด,อลูมิเนียม (ไม่ได้ใช้),ตบเฟรมแบ่งบาน F7852,F7852,,760,,0,0,150×200 1 บาน,,,,ไม่ได้ใช้ที่ขนาดนี้,JR_FUJI_บานเปิดบานกระทุ้ง_1
— ไม่ต้องทำ,บานเปิด,อลูมิเนียม (ไม่ได้ใช้),เฟรมข้างช่องแสง F7937,F7937,,1180,,0,0,150×200 1 บาน,,,,ไม่ได้ใช้ที่ขนาดนี้,JR_FUJI_บานเปิดบานกระทุ้ง_1
— ไม่ต้องทำ,บานเปิด,อลูมิเนียม (ไม่ได้ใช้),ตบนอกในบานตาย F7860,JR02894,,0,,0,0,150×200 1 บาน,,,,ไม่ได้ใช้ที่ขนาดนี้,JR_FUJI_บานเปิดบานกระทุ้ง_1
— ไม่ต้องทำ,บานเปิด,อลูมิเนียม (ไม่ได้ใช้),กล่องก้านสลับ F7997,F7997,,1680,,0,0,150×200 1 บาน,,,,ไม่ได้ใช้ที่ขนาดนี้,JR_FUJI_บานเปิดบานกระทุ้ง_1
— ไม่ต้องทำ,บานเปิด,อลูมิเนียม (ไม่ได้ใช้),เสามุ้ง F7944,F7944,,1030,,0,0,150×200 1 บาน,,,,ไม่ได้ใช้ที่ขนาดนี้,JR_FUJI_บานเปิดบานกระทุ้ง_1
— ไม่ต้องทำ,บานเปิด,อลูมิเนียม (ไม่ได้ใช้),คิ้วมุ้งตั้ง F7949,JR02893,,0,,0,0,150×200 1 บาน,,,,ไม่ได้ใช้ที่ขนาดนี้,JR_FUJI_บานเปิดบานกระทุ้ง_1
— ไม่ต้องทำ,บานเปิด,อลูมิเนียม (ไม่ได้ใช้),กันสาด F7948,JR02892,,0,,0,0,150×200 1 บาน,,,,ไม่ได้ใช้ที่ขนาดนี้,JR_FUJI_บานเปิดบานกระทุ้ง_1
— ไม่ต้องทำ,บานเปิด,อุปกรณ์ (ไม่ได้ใช้),CDQ (บานลอง),JR00596,,450,ตัว,0,0,150×200 1 บาน,,,,ไม่ได้ใช้ที่ขนาดนี้,JR_FUJI_บานเปิดบานกระทุ้ง_1
— ไม่ต้องทำ,บานเปิด,อุปกรณ์ (ไม่ได้ใช้),ปลายกลอน (บานลอง),JR00598,,0,ตัว,0,0,150×200 1 บาน,,,,ไม่ได้ใช้ที่ขนาดนี้,JR_FUJI_บานเปิดบานกระทุ้ง_1
— ไม่ต้องทำ,บานเปิด,อุปกรณ์ (ไม่ได้ใช้),มือจับหลบมุ้ง KINGBO-FH3016,JR00316,,111,ชุด,0,0,150×200 1 บาน,,,,ไม่ได้ใช้ที่ขนาดนี้,JR_FUJI_บานเปิดบานกระทุ้ง_1
— ไม่ต้องทำ,บานเปิด,อุปกรณ์ (ไม่ได้ใช้),มือจับหลบมุ้ง KINGBO-FH3016,JR00318,,111,ชุด,0,0,150×200 1 บาน,,,,ไม่ได้ใช้ที่ขนาดนี้,JR_FUJI_บานเปิดบานกระทุ้ง_1
— ไม่ต้องทำ,บานเปิด,อุปกรณ์ (ไม่ได้ใช้),CDQ Kingbo,JR00564,,99,ตัว,0,0,150×200 1 บาน,,,,ไม่ได้ใช้ที่ขนาดนี้,JR_FUJI_บานเปิดบานกระทุ้ง_1
— ไม่ต้องทำ,บานเปิด,อุปกรณ์ (ไม่ได้ใช้),วิทโก้ (บานพับ SC-304P),JR00559,,360,ตัว,0,0,150×200 1 บาน,,,,ไม่ได้ใช้ที่ขนาดนี้,JR_FUJI_บานเปิดบานกระทุ้ง_1
— ไม่ต้องทำ,บานเปิด,อุปกรณ์ (ไม่ได้ใช้),ลูกเบี้ยวล็อค,JR00486,,0,ตัว,0,0,150×200 1 บาน,,,,ไม่ได้ใช้ที่ขนาดนี้,JR_FUJI_บานเปิดบานกระทุ้ง_1
— ไม่ต้องทำ,บานเปิด,อุปกรณ์ (ไม่ได้ใช้),รับล็อคลูกเบี้ยว,JR00483,,0,ตัว,0,0,150×200 1 บาน,,,,ไม่ได้ใช้ที่ขนาดนี้,JR_FUJI_บานเปิดบานกระทุ้ง_1
— ไม่ต้องทำ,บานเปิด,อุปกรณ์ (ไม่ได้ใช้),ยางกรอบบาน,JR00770,,11,ม.,0,0,150×200 1 บาน,,,,ไม่ได้ใช้ที่ขนาดนี้,JR_FUJI_บานเปิดบานกระทุ้ง_1
🔴 ต้องแก้,บานกระทุ้ง,อลูมิเนียม,วงกบ 3 ด้าน F7859,F7859,,1049.1,เส้น,1,255.72,40×40 1 บาน,F7859,3,ชิ้น,จำนวนต่าง,JR_FUJI_บานเปิดบานกระทุ้ง_1
— ไม่ต้องทำ,บานกระทุ้ง,อลูมิเนียม,ธรณี F7939B,F7939B,,1285,เส้น,1,104.41,40×40 1 บาน,,,,ใบตัดไม่มีรายการนี้,JR_FUJI_บานเปิดบานกระทุ้ง_1
— ไม่ต้องทำ,บานกระทุ้ง,อลูมิเนียม,กรอบ 7943B,F7943B,,1305,เส้น,1,424.13,40×40 1 บาน,,,,ใบตัดไม่มีรายการนี้,JR_FUJI_บานเปิดบานกระทุ้ง_1
🔴 ต้องแก้,บานกระทุ้ง,อลูมิเนียม,คิ้ว F7935,F7935,,453.3,เส้น,1,147.32,40×40 1 บาน,F7935,4,ชิ้น,จำนวนต่าง,JR_FUJI_บานเปิดบานกระทุ้ง_1
— ไม่ต้องทำ,บานกระทุ้ง,กระจก,กระจก เขียว 6มม.,,,264,ตร.ม.,0.16,42.24,40×40 1 บาน,,,,ใบตัดไม่มีรายการนี้,JR_FUJI_บานเปิดบานกระทุ้ง_1
✓ ผ่าน,บานกระทุ้ง,อุปกรณ์/สิ้นเปลือง,มือจับหลบมุ้ง KINGBO-FH3016,JR00318,JR00316,111,ชุด,1,111,40×40 1 บาน,JR00318,1,ชุด,ตรง,JR_FUJI_บานเปิดบานกระทุ้ง_1
✓ ผ่าน,บานกระทุ้ง,อุปกรณ์/สิ้นเปลือง,วิทโก้ (บานพับ SC-304P),JR00559,,360,ตัว,2,720,40×40 1 บาน,JR00559,2,ตัว,ตรง,JR_FUJI_บานเปิดบานกระทุ้ง_1
✓ ผ่าน,บานกระทุ้ง,อุปกรณ์/สิ้นเปลือง,CDQ Kingbo,JR00564,,99,ชุด,1,99,40×40 1 บาน,JR00564,1,ตัว,ตรง,JR_FUJI_บานเปิดบานกระทุ้ง_1
✓ ผ่าน,บานกระทุ้ง,อุปกรณ์/สิ้นเปลือง,รับล็อคลูกเบี้ยว,JR00483,,15,ตัว,2,30,40×40 1 บาน,JR00483,2,ตัว,ตรง,JR_FUJI_บานเปิดบานกระทุ้ง_1
✓ ผ่าน,บานกระทุ้ง,อุปกรณ์/สิ้นเปลือง,ลูกเบี้ยวล็อค,JR00486,,17,ตัว,2,34,40×40 1 บาน,JR00486,2,ตัว,ตรง,JR_FUJI_บานเปิดบานกระทุ้ง_1
✓ ผ่าน,บานกระทุ้ง,อุปกรณ์/สิ้นเปลือง,สปิงก็อท,JR00592,,12,ตัว,4,48,40×40 1 บาน,JR00592,4,ตัว,ตรง,JR_FUJI_บานเปิดบานกระทุ้ง_1
✓ ผ่าน,บานกระทุ้ง,อุปกรณ์/สิ้นเปลือง,ฉากประคองมุม,JR00267,,1.5,ตัว,8,12,40×40 1 บาน,JR00267,8,ตัว,ตรง,JR_FUJI_บานเปิดบานกระทุ้ง_1
✓ ผ่าน,บานกระทุ้ง,อุปกรณ์/สิ้นเปลือง,"น็อตเฟรม 1""",JR00864,,1,ตัว,8,8,40×40 1 บาน,JR00864,8,ตัว,ตรง,JR_FUJI_บานเปิดบานกระทุ้ง_1
🔴 ต้องแก้,บานกระทุ้ง,อุปกรณ์/สิ้นเปลือง,ยางอัดกระจก,JR00770,,11,ม.,1.6,17.6,40×40 1 บาน,JR00770,3.2,เมตร,จำนวนต่าง,JR_FUJI_บานเปิดบานกระทุ้ง_1
— ไม่ต้องทำ,บานกระทุ้ง,อุปกรณ์/สิ้นเปลือง,ซิลิโคน,JR00504,,90,หลอด,1,90,40×40 1 บาน,,,,ใบตัดไม่มีรายการนี้,JR_FUJI_บานเปิดบานกระทุ้ง_1
🟠 ต้องเติม,บานกระทุ้ง,มีแต่ในใบตัด (อลู),เฟรม ล่าง,F7939,,,ชิ้น,,,40×40 1 บาน,F7939,1,ชิ้น,คิดราคาไม่มีรายการนี้,JR_FUJI_บานเปิดบานกระทุ้ง_1
🟠 ต้องเติม,บานกระทุ้ง,มีแต่ในใบตัด (อลู),เสา,F7943,,,ชิ้น,,,40×40 1 บาน,F7943,4,ชิ้น,คิดราคาไม่มีรายการนี้,JR_FUJI_บานเปิดบานกระทุ้ง_1
— ไม่ต้องทำ,บานกระทุ้ง,อลูมิเนียม (ไม่ได้ใช้),เปิดกลาง F7945c,F7945C,,775,,0,0,40×40 1 บาน,,,,ไม่ได้ใช้ที่ขนาดนี้,JR_FUJI_บานเปิดบานกระทุ้ง_1
✓ ผ่าน,บานเฟี้ยม,อลูมิเนียม,B24001 เฟรมบน,B24001,,2186.8,เส้น,1,2186.8,180×280 2 บาน,B24001,1,ชิ้น,ตรง,JR_เฟี้ยม_SMS_รวม
✓ ผ่าน,บานเฟี้ยม,อลูมิเนียม,B24002 บังใบบน,B24002,,332.5,เส้น,1,332.5,180×280 2 บาน,B24002,1,ชิ้น,ตรง,JR_เฟี้ยม_SMS_รวม
✓ ผ่าน,บานเฟี้ยม,อลูมิเนียม,B24003 เฟรมล่าง (ธรณี),B24003,,1511.5,เส้น,1,1511.5,180×280 2 บาน,B24003,1,ชิ้น,ตรง,JR_เฟี้ยม_SMS_รวม
✓ ผ่าน,บานเฟี้ยม,อลูมิเนียม,B24004 ตัวตับธรณี,B24004,,592.2,เส้น,1,592.2,180×280 2 บาน,B24004,1,ชิ้น,ตรง,JR_เฟี้ยม_SMS_รวม
✓ ผ่าน,บานเฟี้ยม,อลูมิเนียม,B24005 เฟรมข้าง,B24005,,1039,เส้น,2,1039,180×280 2 บาน,B24005,2,ชิ้น,ตรง,JR_เฟี้ยม_SMS_รวม
✓ ผ่าน,บานเฟี้ยม,อลูมิเนียม,B24006 บังใบข้าง,B24006,,291,เส้น,2,291,180×280 2 บาน,B24006,2,ชิ้น,ตรง,JR_เฟี้ยม_SMS_รวม
✓ ผ่าน,บานเฟี้ยม,อลูมิเนียม,B24007 ขวางบน+ล่าง + B24007 เสา + B24007 เสากุญแจ,B24007,,1257,เส้น,8,5028,180×280 2 บาน,B24007,8,ชิ้น,ตรง,JR_เฟี้ยม_SMS_รวม
✓ ผ่าน,บานเฟี้ยม,อลูมิเนียม,B24008 คิ้วตบกระจก แนวนอน + B24008 คิ้วตบกระจก แนวตั้ง,B24008,,275.3,เส้น,8,825.9,180×280 2 บาน,B24008,8,ชิ้น,ตรง,JR_เฟี้ยม_SMS_รวม
— ไม่ต้องทำ,บานเฟี้ยม,กระจก,กระจก เขียว 6มม.,,,264,ตร.ม.,5.04,1330.56,180×280 2 บาน,,,,ใบตัดไม่มีรายการนี้,JR_เฟี้ยม_SMS_รวม
🔴 ต้องแก้,บานเฟี้ยม,อุปกรณ์/สิ้นเปลือง,ยาง,JR00804,,11,ม.,14.8,162.8,180×280 2 บาน,JR00804,9.2,ม.,จำนวนต่าง,JR_เฟี้ยม_SMS_รวม
— ไม่ต้องทำ,บานเฟี้ยม,อุปกรณ์/สิ้นเปลือง,อุปกรณ์เฟี้ยม (ชุด),,,1,ชุด,5230,5230,180×280 2 บาน,,,,ใบตัดไม่มีรายการนี้,JR_เฟี้ยม_SMS_รวม
✓ ผ่าน,บานเฟี้ยม,อุปกรณ์/สิ้นเปลือง,ซิลิโคน,JR00504,,90,หลอด,2,180,180×280 2 บาน,JR00504,2,หลอด,ตรง,JR_เฟี้ยม_SMS_รวม
🟠 ต้องเติม,บานเฟี้ยม,มีแต่ในใบตัด,ชุดบานพับ (ระดับเดียว),JR00610,,,ชุด,,,180×280 2 บาน,JR00610,1,ชุด,คิดราคาไม่มีรายการนี้,JR_เฟี้ยม_SMS_รวม
🟠 ต้องเติม,บานเฟี้ยม,มีแต่ในใบตัด,ล้อแขวนบานตาย ซ้าย,JR00612,,,ชุด,,,180×280 2 บาน,JR00612,1,ชุด,คิดราคาไม่มีรายการนี้,JR_เฟี้ยม_SMS_รวม
🟠 ต้องเติม,บานเฟี้ยม,มีแต่ในใบตัด,ล้อแขวนปลาย ขวา,JR00615,,,ชุด,,,180×280 2 บาน,JR00615,1,ชุด,คิดราคาไม่มีรายการนี้,JR_เฟี้ยม_SMS_รวม
🟠 ต้องเติม,บานเฟี้ยม,มีแต่ในใบตัด,ชุดสลักล็อค (Twin Bolt · 05-014),JR00563,,,ชุด,,,180×280 2 บาน,JR00563,1,ชุด,คิดราคาไม่มีรายการนี้,JR_เฟี้ยม_SMS_รวม
🟠 ต้องเติม,บานเฟี้ยม,มีแต่ในใบตัด,ยางกรอบบาน (วน 2 รอบ/บาน),JR00805,,,ม.,,,180×280 2 บาน,JR00805,28.6,ม.,คิดราคาไม่มีรายการนี้,JR_เฟี้ยม_SMS_รวม
— ไม่ต้องทำ,บานเฟี้ยม,อลูมิเนียม (ไม่ได้ใช้),B24009 บังใบ (บานสวิง),B24009,,325,,0,0,180×280 2 บาน,,,,ไม่ได้ใช้ที่ขนาดนี้,JR_เฟี้ยม_SMS_รวม
✓ ผ่าน,บานติดตาย,อลูมิเนียม,กล่อง 1.6×3 — ตั้ง + กล่อง 1.6×3 — นอน,"กล่อง 1.6""x3""",,1240,เส้น,4,2480,150×200 1 บาน,"กล่อง 1.6""X3""",4,ชิ้น,ตรง,JR_บานติดตาย
✓ ผ่าน,บานติดตาย,อลูมิเนียม,9014 คัลเทิลวอล — ตั้ง + 9014 คัลเทิลวอล — นอน,9014,,380,เส้น,4,760,150×200 1 บาน,9014,4,ชิ้น,ตรง,JR_บานติดตาย
— ไม่ต้องทำ,บานติดตาย,กระจก,กระจก เขียว 6มม.,,,264,ตร.ม.,3,792,150×200 1 บาน,,,,ใบตัดไม่มีรายการนี้,JR_บานติดตาย
✓ ผ่าน,บานติดตาย,อุปกรณ์/สิ้นเปลือง,ฉากเข้ามุม (4 มุม/ช่อง),JR00557,,5,มุม,4,20,150×200 1 บาน,JR00557,4,ตัว,ตรง,JR_บานติดตาย
✓ ผ่าน,บานติดตาย,อุปกรณ์/สิ้นเปลือง,เทปนอร์ตัน (หนุนกระจก),JR02937,,10,ม.,7,70,150×200 1 บาน,JR02937,7,ม.,ตรง,JR_บานติดตาย
✓ ผ่าน,บานติดตาย,อุปกรณ์/สิ้นเปลือง,ซิลิโคน ใน+นอก,JR00504,,90,หลอด,2,180,150×200 1 บาน,JR00504,2,หลอด,ตรง,JR_บานติดตาย
— ไม่ต้องทำ,บานเลื่อนรางบน,กระจก,กระจก เขียว 6มม.,,,264,ตร.ม.,8.64,2280.96,360×240 2 บาน,,,,ใบตัดไม่มีรายการนี้,JR_รางบนเฟรมปกติ_1
— ไม่ต้องทำ,บานเลื่อนรางบน,อุปกรณ์/สิ้นเปลือง,รางบน Hafele,,,2010,เส้น,4,8040,360×240 2 บาน,,,,ใบตัดไม่มีรายการนี้,JR_รางบนเฟรมปกติ_1
✓ ผ่าน,บานเลื่อนรางบน,อุปกรณ์/สิ้นเปลือง,ล้อรางบน Hafele 100kg,JR00544,,1170,กล่อง,2,2340,360×240 2 บาน,JR00544,2,กล่อง,ตรง,JR_รางบนเฟรมปกติ_1
— ไม่ต้องทำ,บานเลื่อนรางบน,อุปกรณ์/สิ้นเปลือง,"เสารับ 1""x4""",,,905,เส้น,1,905,360×240 2 บาน,,,,ใบตัดไม่มีรายการนี้,JR_รางบนเฟรมปกติ_1
— ไม่ต้องทำ,บานเลื่อนรางบน,อุปกรณ์/สิ้นเปลือง,"คานรับราง 1.6""x4""",,,1220,เส้น,2,2440,360×240 2 บาน,,,,ใบตัดไม่มีรายการนี้,JR_รางบนเฟรมปกติ_1
— ไม่ต้องทำ,บานเลื่อนรางบน,อุปกรณ์/สิ้นเปลือง,กรอบบาน เสากุญแจ 20051,JR00256,,885,เส้น,3,2655,360×240 2 บาน,,,,ใบตัดไม่มีรายการนี้,JR_รางบนเฟรมปกติ_1
— ไม่ต้องทำ,บานเลื่อนรางบน,อุปกรณ์/สิ้นเปลือง,ชนกลางรับบาน,,,300,ท่อน,1,300,360×240 2 บาน,,,,ใบตัดไม่มีรายการนี้,JR_รางบนเฟรมปกติ_1
— ไม่ต้องทำ,บานเลื่อนรางบน,อุปกรณ์/สิ้นเปลือง,"ฉาก 4"" ปิดราง",,,280,ท่อน,4,1120,360×240 2 บาน,,,,ใบตัดไม่มีรายการนี้,JR_รางบนเฟรมปกติ_1
🔴 ต้องแก้,บานเลื่อนรางบน,อุปกรณ์/สิ้นเปลือง,มือจับ Align,JR00378,,99,ตัว,4,396,360×240 2 บาน,JR00378,2,ชุด,จำนวนต่าง,JR_รางบนเฟรมปกติ_1
✓ ผ่าน,บานเลื่อนรางบน,อุปกรณ์/สิ้นเปลือง,แกนมือจับ A,JR00478,,18,อัน,4,72,360×240 2 บาน,JR00478,4,อัน,ตรง,JR_รางบนเฟรมปกติ_1
✓ ผ่าน,บานเลื่อนรางบน,อุปกรณ์/สิ้นเปลือง,แกนมือจับ B,JR00479,,18,อัน,2,36,360×240 2 บาน,JR00479,2,อัน,ตรง,JR_รางบนเฟรมปกติ_1
✓ ผ่าน,บานเลื่อนรางบน,อุปกรณ์/สิ้นเปลือง,ปลายมือจับ ดำ,JR00476,,30,อัน,4,120,360×240 2 บาน,JR00476,4,อัน,ตรง,JR_รางบนเฟรมปกติ_1
✓ ผ่าน,บานเลื่อนรางบน,อุปกรณ์/สิ้นเปลือง,ตัวที เงิน,JR00475,,30,อัน,2,60,360×240 2 บาน,JR00475,2,อัน,ตรง,JR_รางบนเฟรมปกติ_1
✓ ผ่าน,บานเลื่อนรางบน,อุปกรณ์/สิ้นเปลือง,ก้ามปูรับล็อค,JR00477,,9,อัน,4,36,360×240 2 บาน,JR00477,4,อัน,ตรง,JR_รางบนเฟรมปกติ_1
— ไม่ต้องทำ,บานเลื่อนรางบน,อุปกรณ์/สิ้นเปลือง,ชุดล็อค,JR00246,,189,ชุด,2,378,360×240 2 บาน,,,,ใบตัดไม่มีรายการนี้,JR_รางบนเฟรมปกติ_1
— ไม่ต้องทำ,บานเลื่อนรางบน,อุปกรณ์/สิ้นเปลือง,ซิลิโคน,JR00504,,90,หลอด,2,180,360×240 2 บาน,,,,ใบตัดไม่มีรายการนี้,JR_รางบนเฟรมปกติ_1
🟠 ต้องเติม,บานเลื่อนรางบน,มีแต่ในใบตัด,มือจับ กุญแจ (Align),JR00377,,,ชุด,,,360×240 2 บาน,JR00377,1,ชุด,คิดราคาไม่มีรายการนี้,JR_รางบนเฟรมปกติ_1
🟠 ต้องเติม,บานเลื่อนรางบน,มีแต่ในใบตัด,มือจับ ดัมมี่ (Align),JR00379,,,ชุด,,,360×240 2 บาน,JR00379,1,ชุด,คิดราคาไม่มีรายการนี้,JR_รางบนเฟรมปกติ_1
🟠 ต้องเติม,บานเลื่อนรางบน,มีแต่ในใบตัด,"น็อตประกอบบาน 1""",JR00864,,,ตัว,,,360×240 2 บาน,JR00864,8,ตัว,คิดราคาไม่มีรายการนี้,JR_รางบนเฟรมปกติ_1
🟠 ต้องเติม,บานเลื่อนรางบน,มีแต่ในใบตัด,ไกด์ดำ,JR00558,,,ตัว,,,360×240 2 บาน,JR00558,2,ตัว,คิดราคาไม่มีรายการนี้,JR_รางบนเฟรมปกติ_1
🟠 ต้องเติม,บานเลื่อนรางบน,มีแต่ในใบตัด (อลู),คานรับราง,"กล่อง 2""X4""",,,ชิ้น,,,360×240 2 บาน,"กล่อง 2""X4""",1,ชิ้น,คิดราคาไม่มีรายการนี้,JR_รางบนเฟรมปกติ_1
🟠 ต้องเติม,บานเลื่อนรางบน,มีแต่ในใบตัด (อลู),เสากุญแจ B20051 (SMS·ตั้ง),B20051,,,ชิ้น,,,360×240 2 บาน,B20051,2,ชิ้น,คิดราคาไม่มีรายการนี้,JR_รางบนเฟรมปกติ_1
🟠 ต้องเติม,บานเลื่อนรางบน,มีแต่ในใบตัด (อลู),เสาเกี่ยว B20009 (SMS·ตั้ง),B20009,,,ชิ้น,,,360×240 2 บาน,B20009,2,ชิ้น,คิดราคาไม่มีรายการนี้,JR_รางบนเฟรมปกติ_1
🟠 ต้องเติม,บานเลื่อนรางบน,มีแต่ในใบตัด (อลู),ขวางบน/ล่าง B20054 (SMS·นอน),B20054,,,ชิ้น,,,360×240 2 บาน,B20054,4,ชิ้น,คิดราคาไม่มีรายการนี้,JR_รางบนเฟรมปกติ_1
— ไม่มีใบตัด,บานเลื่อน E-series,อลูมิเนียม,เฟรมบน E-01,E-01,,2235,เส้น,1,2723.91,600×300 3 บาน,,,,ยังไม่ผูกไฟล์,
— ไม่มีใบตัด,บานเลื่อน E-series,อลูมิเนียม,เฟรมล่างกันน้ำ E-03,E-03,,2152,เส้น,1,2622.75,600×300 3 บาน,,,,ยังไม่ผูกไฟล์,
— ไม่มีใบตัด,บานเลื่อน E-series,อลูมิเนียม,เฟรมข้าง E-02C,E-02C,,1995,เส้น,2,2431.41,600×300 3 บาน,,,,ยังไม่ผูกไฟล์,
— ไม่มีใบตัด,บานเลื่อน E-series,อลูมิเนียม,ถาดลองน้ำ E-03B,E-03B,,742,เส้น,1,742,600×300 3 บาน,,,,ยังไม่ผูกไฟล์,
— ไม่มีใบตัด,บานเลื่อน E-series,อลูมิเนียม,เสากุญแจสลิม E-04e,E-04E,,1080,เส้น,2,1316.25,600×300 3 บาน,,,,ยังไม่ผูกไฟล์,
— ไม่มีใบตัด,บานเลื่อน E-series,อลูมิเนียม,เสาเกี่ยวสลิม E-05e,E-05E,,1072,เส้น,4,2613,600×300 3 บาน,,,,ยังไม่ผูกไฟล์,
— ไม่มีใบตัด,บานเลื่อน E-series,อลูมิเนียม,ขวางบน/ล่าง E-07e,E-07E,,1162,เส้น,6,2832.38,600×300 3 บาน,,,,ยังไม่ผูกไฟล์,
— ไม่มีใบตัด,บานเลื่อน E-series,กระจก,กระจก เขียว 6มม.,,,264,ตร.ม.,18.6,4910.4,600×300 3 บาน,,,,ยังไม่ผูกไฟล์,
— ไม่มีใบตัด,บานเลื่อน E-series,อุปกรณ์/สิ้นเปลือง,ล้อ ehr-80 (2/บานเลื่อน),,,135,ลูก,6,810,600×300 3 บาน,,,,ยังไม่ผูกไฟล์,
— ไม่มีใบตัด,บานเลื่อน E-series,อุปกรณ์/สิ้นเปลือง,ล็อคก้นหอย,JR00456,,100,ตัว,2,200,600×300 3 บาน,,,,ยังไม่ผูกไฟล์,
— ไม่มีใบตัด,บานเลื่อน E-series,อุปกรณ์/สิ้นเปลือง,สักหลาด,JR00242,,1.5,ม.,96,144,600×300 3 บาน,,,,ยังไม่ผูกไฟล์,
— ไม่มีใบตัด,บานเลื่อน E-series,อุปกรณ์/สิ้นเปลือง,น็อต,JR00226,,1,ตัว,20,20,600×300 3 บาน,,,,ยังไม่ผูกไฟล์,
— ไม่มีใบตัด,บานเลื่อน E-series,อุปกรณ์/สิ้นเปลือง,ซิลิโคน,JR00504,,90,หลอด,3,270,600×300 3 บาน,,,,ยังไม่ผูกไฟล์,
— ไม่ต้องทำ,บานเลื่อน E-series,อลูมิเนียม (ไม่ได้ใช้),ตบปิดเฟรมบน E-01A,E-01A,,270,,0,0,600×300 3 บาน,,,,ไม่ได้ใช้ที่ขนาดนี้,
— ไม่ต้องทำ,บานเลื่อน E-series,อลูมิเนียม (ไม่ได้ใช้),ตบธรณีเฟรมล่าง E-03C,E-03C,,450,,0,0,600×300 3 บาน,,,,ไม่ได้ใช้ที่ขนาดนี้,
✓ ผ่าน,Velora บานเปิด,อลูมิเนียม,วงกบบน + วงกบข้าง,JR02885,,768,เส้น,3,1536,220×200 1 บาน,JR02885,3,ชิ้น,ตรง,JR_Velora_บานเปิด
✓ ผ่าน,Velora บานเปิด,อลูมิเนียม,กรอบบาน แนวนอน + กรอบบาน แนวตั้ง,JR02886,,720,เส้น,4,1440,220×200 1 บาน,JR02886,4,ชิ้น,ตรง,JR_Velora_บานเปิด
— ไม่ต้องทำ,Velora บานเปิด,อุปกรณ์/สิ้นเปลือง,ค่าอบสี (อบขาว/ดำ 100/กก. × 12.92กก.),,,100,กก.,12.92,1292.4,220×200 1 บาน,,,,ใบตัดไม่มีรายการนี้,JR_Velora_บานเปิด
— ไม่ต้องทำ,Velora บานเปิด,กระจก,กระจก เทมเปอร์ใส 6มม.,,,403,ตร.ม.,4.4,1773.2,220×200 1 บาน,,,,ใบตัดไม่มีรายการนี้,JR_Velora_บานเปิด
✓ ผ่าน,Velora บานเปิด,อุปกรณ์/สิ้นเปลือง,บานพับ (4 ตัว/บาน),JR00561,JR00560,110,ตัว,4,440,220×200 1 บาน,JR00561,4,ตัว,ตรง,JR_Velora_บานเปิด
✓ ผ่าน,Velora บานเปิด,อุปกรณ์/สิ้นเปลือง,มือจับ,JR00355,JR00356,450,ชุด,1,450,220×200 1 บาน,JR00355,1,ชุด,ตรง,JR_Velora_บานเปิด
✓ ผ่าน,Velora บานเปิด,อุปกรณ์/สิ้นเปลือง,ซิลิโคน,JR00504,,90,หลอด,2,180,220×200 1 บาน,JR00504,2,หลอด,ตรง,JR_Velora_บานเปิด
✓ ผ่าน,ประตูบานเปิด PC Door,อลูมิเนียม,"คาน (กล่อง 1""x4"")","กล่อง 1""x4""",,1400,เส้น,1,426.56,150×200 2 บาน,"กล่อง 1""X4""",1,ชิ้น,ตรง,JR_PCDoor
✓ ผ่าน,ประตูบานเปิด PC Door,อลูมิเนียม,ชนกลางบานเลื่อน B20046,B20046,,249.3,เส้น,1,97.99,150×200 2 บาน,B20046,1,ชิ้น,ตรง,JR_PCDoor
✓ ผ่าน,ประตูบานเปิด PC Door,อลูมิเนียม,วงกบ 3 ด้าน F7859,F7859,,1049.1,เส้น,1,1172.04,150×200 2 บาน,F7859,1,ชิ้น,ตรง,JR_PCDoor
✓ ผ่าน,ประตูบานเปิด PC Door,อลูมิเนียม,ธรณี F7938B,F7938B,,1530,เส้น,1,466.17,150×200 2 บาน,F7938B,1,ชิ้น,ตรง,JR_PCDoor
✓ ผ่าน,ประตูบานเปิด PC Door,อลูมิเนียม,ตบธรณี F7960,F7960,,571.5,เส้น,1,174.13,150×200 2 บาน,F7960,1,ชิ้น,ตรง,JR_PCDoor
✓ ผ่าน,ประตูบานเปิด PC Door,อลูมิเนียม,กรอบบานเปิด เมืองทอง (สูง) F7864 + กรอบบานเปิด เมืองทอง (กว้าง) F7864,F7864,,1995,เส้น,4,2142.07,150×200 2 บาน,F7864,4,ชิ้น,ตรง,JR_PCDoor
— ไม่ต้องทำ,ประตูบานเปิด PC Door,อลูมิเนียม,กรอบบานเลื่อน sms (สูง),,,1995,เส้น,2,1517.2,150×200 2 บาน,,,,ใบตัดไม่มีรายการนี้,JR_PCDoor
— ไม่ต้องทำ,ประตูบานเปิด PC Door,อลูมิเนียม,กรอบบานเลื่อน sms (กว้าง),,,1995,เส้น,2,525.18,150×200 2 บาน,,,,ใบตัดไม่มีรายการนี้,JR_PCDoor
✓ ผ่าน,ประตูบานเปิด PC Door,อลูมิเนียม,คิ้วกระจก F7935 (เปิด สูง) + คิ้วกระจก F7935 (เปิด กว้าง) + คิ้วกระจก F7935 (เลื่อน สูง) + คิ้วกระจก F7935 (เลื่อน กว้าง),F7935,,453.3,เส้น,8,950.78,150×200 2 บาน,F7935,8,ชิ้น,ตรง,JR_PCDoor
— ไม่ต้องทำ,ประตูบานเปิด PC Door,กระจก,กระจก เขียว 6มม.,,,264,ตร.ม.,3,792,150×200 2 บาน,,,,ใบตัดไม่มีรายการนี้,JR_PCDoor
✓ ผ่าน,ประตูบานเปิด PC Door,อุปกรณ์/สิ้นเปลือง,บานพับไม่บาก (hyda),JR00473,,117,ตัว,4,468,150×200 2 บาน,JR00473,4,ตัว,ตรง,JR_PCDoor
✓ ผ่าน,ประตูบานเปิด PC Door,อุปกรณ์/สิ้นเปลือง,ล้อรางบน Hafele + ซอฟโค้ด (ชุด),JR00544,,1170,ชุด,1,1170,150×200 2 บาน,JR00544,1,กล่อง,ตรง,JR_PCDoor
✓ ผ่าน,ประตูบานเปิด PC Door,อุปกรณ์/สิ้นเปลือง,มือจับ Align SMS (2/บาน),JR00378,,198,บาน,2,396,150×200 2 บาน,JR00378,2,ชุด,ตรง,JR_PCDoor
✓ ผ่าน,ประตูบานเปิด PC Door,อุปกรณ์/สิ้นเปลือง,แกนมือจับ A,JR00478,,18,อัน,4,72,150×200 2 บาน,JR00478,4,อัน,ตรง,JR_PCDoor
✓ ผ่าน,ประตูบานเปิด PC Door,อุปกรณ์/สิ้นเปลือง,แกนมือจับ B,JR00479,,18,อัน,2,36,150×200 2 บาน,JR00479,2,อัน,ตรง,JR_PCDoor
✓ ผ่าน,ประตูบานเปิด PC Door,อุปกรณ์/สิ้นเปลือง,ปลายมือจับ ดำ,JR00476,,30,อัน,4,120,150×200 2 บาน,JR00476,4,อัน,ตรง,JR_PCDoor
✓ ผ่าน,ประตูบานเปิด PC Door,อุปกรณ์/สิ้นเปลือง,ตัวที เงิน,JR00475,,30,อัน,2,60,150×200 2 บาน,JR00475,2,อัน,ตรง,JR_PCDoor
✓ ผ่าน,ประตูบานเปิด PC Door,อุปกรณ์/สิ้นเปลือง,ก้ามปูรับล็อค,JR00477,,9,อัน,4,36,150×200 2 บาน,JR00477,4,อัน,ตรง,JR_PCDoor
✓ ผ่าน,ประตูบานเปิด PC Door,อุปกรณ์/สิ้นเปลือง,กลอนบานลอง (รวมปลายกลอน),JR00630,,450,ชุด,1,450,150×200 2 บาน,JR00630,1,อัน,ตรง,JR_PCDoor
🔴 ต้องแก้,ประตูบานเปิด PC Door,อุปกรณ์/สิ้นเปลือง,น็อตเฟรม,JR00864,,1,ตัว,8,8,150×200 2 บาน,JR00864,4,ตัว,จำนวนต่าง,JR_PCDoor
— ไม่ต้องทำ,ประตูบานเปิด PC Door,อุปกรณ์/สิ้นเปลือง,ยาง,JR00244,,11,ม.,14,154,150×200 2 บาน,,,,ใบตัดไม่มีรายการนี้,JR_PCDoor
— ไม่ต้องทำ,ประตูบานเปิด PC Door,อุปกรณ์/สิ้นเปลือง,ซิลิโคน ใน+นอก,JR00504,,90,หลอด,2,180,150×200 2 บาน,,,,ใบตัดไม่มีรายการนี้,JR_PCDoor
🟠 ต้องเติม,ประตูบานเปิด PC Door,มีแต่ในใบตัด,มือจับ กุญแจ (Align),JR00377,,,ชุด,,,150×200 2 บาน,JR00377,1,ชุด,คิดราคาไม่มีรายการนี้,JR_PCDoor
🟠 ต้องเติม,ประตูบานเปิด PC Door,มีแต่ในใบตัด,มือจับ ดัมมี่ (Align),JR00379,,,ชุด,,,150×200 2 บาน,JR00379,1,ชุด,คิดราคาไม่มีรายการนี้,JR_PCDoor
🟠 ต้องเติม,ประตูบานเปิด PC Door,มีแต่ในใบตัด,หัวต่อราง,,,,อัน,,,150×200 2 บาน,—,1,อัน,คิดราคาไม่มีรายการนี้,JR_PCDoor
🟠 ต้องเติม,ประตูบานเปิด PC Door,มีแต่ในใบตัด,ฝาครอบราง,,,,เส้น,,,150×200 2 บาน,—,2,เส้น,คิดราคาไม่มีรายการนี้,JR_PCDoor
🟠 ต้องเติม,ประตูบานเปิด PC Door,มีแต่ในใบตัด,ปลายกลอน,JR00598,,,อัน,,,150×200 2 บาน,JR00598,1,อัน,คิดราคาไม่มีรายการนี้,JR_PCDoor
— ไม่ต้องทำ,ประตูบานเปิด PC Door,อลูมิเนียม (ไม่ได้ใช้),เสริมใต้บาน F7863,F7863,,435,,0,0,150×200 2 บาน,,,,ไม่ได้ใช้ที่ขนาดนี้,JR_PCDoor
— ไม่ต้องทำ,ประตูบานเปิด PC Door,อลูมิเนียม (ไม่ได้ใช้),เสารับล็อกเปิดกลาง F7945C,F7945C,,775,,0,0,150×200 2 บาน,,,,ไม่ได้ใช้ที่ขนาดนี้,JR_PCDoor
🔴 ต้องแก้,บานยก,อลูมิเนียม,กล่องร่องมีสกรู,B28015,,995,เส้น,1,202.11,100×150 1 บาน,B28015,2,ชิ้น,จำนวนต่าง,JR_บานยก_ฟูจิ
✓ ผ่าน,บานยก,อลูมิเนียม,เฟรมบน,B28009,,1000,เส้น,1,203.13,100×150 1 บาน,B28009,1,ชิ้น,ตรง,JR_บานยก_ฟูจิ
✓ ผ่าน,บานยก,อลูมิเนียม,อแดปเตอร์บน,B28010,,395,เส้น,1,80.23,100×150 1 บาน,B28010,1,ชิ้น,ตรง,JR_บานยก_ฟูจิ
✓ ผ่าน,บานยก,อลูมิเนียม,เฟรมล่าง,B28014,,840,เส้น,1,170.63,100×150 1 บาน,B28014,1,ชิ้น,ตรง,JR_บานยก_ฟูจิ
🔴 ต้องแก้,บานยก,อลูมิเนียม,อแดปเตอร์รูสกรู,B28012,,60,เส้น,1,12.19,100×150 1 บาน,B28012,2,ชิ้น,จำนวนต่าง,JR_บานยก_ฟูจิ
🔴 ต้องแก้,บานยก,อลูมิเนียม,กรอบบาน (รอบบาน × 2 บาน),B28011,,600,เส้น,2,853.13,100×150 1 บาน,B28011,8,ชิ้น,จำนวนต่าง,JR_บานยก_ฟูจิ
✓ ผ่าน,บานยก,อลูมิเนียม,เสาเกี่ยว/ตบเกี่ยว (แนวนอน 2 ท่อน),B28013,,195,เส้น,2,79.22,100×150 1 บาน,B28013,2,ชิ้น,ตรง,JR_บานยก_ฟูจิ
✓ ผ่าน,บานยก,อลูมิเนียม,รางข้าง/เฟรมข้าง (2 ท่อน สูงเท่าช่อง),B10004,,1175,เส้น,2,716.02,100×150 1 บาน,B10004,2,ชิ้น,ตรง,JR_บานยก_ฟูจิ
— ไม่ต้องทำ,บานยก,กระจก,กระจก เขียว 6มม.,,,264,ตร.ม.,1.5,396,100×150 1 บาน,,,,ใบตัดไม่มีรายการนี้,JR_บานยก_ฟูจิ
— ไม่ต้องทำ,บานยก,อุปกรณ์/สิ้นเปลือง,กล่องอุปกรณ์,,,1350,ชุด,1,1350,100×150 1 บาน,,,,ใบตัดไม่มีรายการนี้,JR_บานยก_ฟูจิ
🟡 ต้องเคาะ,บานยก,อุปกรณ์/สิ้นเปลือง,มือจับ,,,60,ตัว,1,60,100×150 1 บาน,—,1,PCS,คิดราคายังไม่มีรหัส,JR_บานยก_ฟูจิ
— ไม่ต้องทำ,บานยก,อุปกรณ์/สิ้นเปลือง,ล๊อคกลาง,,,70,ตัว,1,70,100×150 1 บาน,,,,ใบตัดไม่มีรายการนี้,JR_บานยก_ฟูจิ
— ไม่ต้องทำ,บานยก,อุปกรณ์/สิ้นเปลือง,คอยสปริง,,,160,ตัว,2,320,100×150 1 บาน,,,,ใบตัดไม่มีรายการนี้,JR_บานยก_ฟูจิ
— ไม่ต้องทำ,บานยก,อุปกรณ์/สิ้นเปลือง,ฝาปิดฝุ่น,,,10,ตัว,2,20,100×150 1 บาน,,,,ใบตัดไม่มีรายการนี้,JR_บานยก_ฟูจิ
— ไม่ต้องทำ,บานยก,อุปกรณ์/สิ้นเปลือง,ตลับตะขอเกี่ยว,,,130,ตัว,4,520,100×150 1 บาน,,,,ใบตัดไม่มีรายการนี้,JR_บานยก_ฟูจิ
— ไม่ต้องทำ,บานยก,อุปกรณ์/สิ้นเปลือง,กิ๊ปล็อค,,,20,ตัว,4,80,100×150 1 บาน,,,,ใบตัดไม่มีรายการนี้,JR_บานยก_ฟูจิ
— ไม่ต้องทำ,บานยก,อุปกรณ์/สิ้นเปลือง,กล่องใส่สปริง,,,30,ตัว,2,60,100×150 1 บาน,,,,ใบตัดไม่มีรายการนี้,JR_บานยก_ฟูจิ
— ไม่ต้องทำ,บานยก,อุปกรณ์/สิ้นเปลือง,ซิลิโคน,JR00504,,90,หลอด,1,90,100×150 1 บาน,,,,ใบตัดไม่มีรายการนี้,JR_บานยก_ฟูจิ
🟠 ต้องเติม,บานยก,มีแต่ในใบตัด,ไกด์ประคองกรอบบาน (06-003),,,,PCS,,,100×150 1 บาน,—,4,PCS,คิดราคาไม่มีรายการนี้,JR_บานยก_ฟูจิ
🟠 ต้องเติม,บานยก,มีแต่ในใบตัด,ตะขอเกี่ยวตลับเชือก (06-002),,,,PCS,,,100×150 1 บาน,—,4,PCS,คิดราคาไม่มีรายการนี้,JR_บานยก_ฟูจิ
🟠 ต้องเติม,บานยก,มีแต่ในใบตัด,ตลับล้อพูเล่ย์ (06-004),,,,PCS,,,100×150 1 บาน,—,2,PCS,คิดราคาไม่มีรายการนี้,JR_บานยก_ฟูจิ
🟠 ต้องเติม,บานยก,มีแต่ในใบตัด,ตลับใส่เชือก clutch (06-001),,,,PCS,,,100×150 1 บาน,—,4,PCS,คิดราคาไม่มีรายการนี้,JR_บานยก_ฟูจิ
🟠 ต้องเติม,บานยก,มีแต่ในใบตัด,เชือกไนล่อน 6มม. ดำ (06-007),,,,M,,,100×150 1 บาน,—,4.16,M,คิดราคาไม่มีรายการนี้,JR_บานยก_ฟูจิ
🟠 ต้องเติม,บานยก,มีแต่ในใบตัด,ฝาปิดมุมกรอบบาน 90° (06-005),,,,PCS,,,100×150 1 บาน,—,8,PCS,คิดราคาไม่มีรายการนี้,JR_บานยก_ฟูจิ
🟠 ต้องเติม,บานยก,มีแต่ในใบตัด,ฝาปิดรูเสาเกี่ยว ซ้าย+ขวา (06-006),,,,Pair,,,100×150 1 บาน,—,2,Pair,คิดราคาไม่มีรายการนี้,JR_บานยก_ฟูจิ
🟠 ต้องเติม,บานยก,มีแต่ในใบตัด,ตัวเบรคบาน stopper (06-011),,,,PCS,,,100×150 1 บาน,—,2,PCS,คิดราคาไม่มีรายการนี้,JR_บานยก_ฟูจิ
🟠 ต้องเติม,บานยก,มีแต่ในใบตัด,ประเก็นกันน้ำเฟรมบน (06-012),,,,Pair,,,100×150 1 บาน,—,1,Pair,คิดราคาไม่มีรายการนี้,JR_บานยก_ฟูจิ
🟠 ต้องเติม,บานยก,มีแต่ในใบตัด,ประเก็นกันน้ำเฟรมล่าง (06-010),,,,Pair,,,100×150 1 บาน,—,1,Pair,คิดราคาไม่มีรายการนี้,JR_บานยก_ฟูจิ
🟠 ต้องเติม,บานยก,มีแต่ในใบตัด,ยางกันลมบานยก (06-013),,,,PCS,,,100×150 1 บาน,—,2,PCS,คิดราคาไม่มีรายการนี้,JR_บานยก_ฟูจิ
🟠 ต้องเติม,บานยก,มีแต่ในใบตัด,ล็อคกลางบานยก latch (06-019),,,,PCS,,,100×150 1 บาน,—,1,PCS,คิดราคาไม่มีรายการนี้,JR_บานยก_ฟูจิ
🟠 ต้องเติม,บานยก,มีแต่ในใบตัด,ขอล็อคกลางบานยก keeper (06-020),,,,PCS,,,100×150 1 บาน,—,1,PCS,คิดราคาไม่มีรายการนี้,JR_บานยก_ฟูจิ
🟠 ต้องเติม,บานยก,มีแต่ในใบตัด,สกรูหัวจม #7x8 (06-014),,,,PCS,,,100×150 1 บาน,—,4,PCS,คิดราคาไม่มีรายการนี้,JR_บานยก_ฟูจิ
🟠 ต้องเติม,บานยก,มีแต่ในใบตัด,สกรูหัวจม #8x12 (06-015),,,,PCS,,,100×150 1 บาน,—,32,PCS,คิดราคาไม่มีรายการนี้,JR_บานยก_ฟูจิ
🟠 ต้องเติม,บานยก,มีแต่ในใบตัด,สกรูหัวนูน #8x10 (06-016),,,,PCS,,,100×150 1 บาน,—,8,PCS,คิดราคาไม่มีรายการนี้,JR_บานยก_ฟูจิ
🟠 ต้องเติม,บานยก,มีแต่ในใบตัด,สกรูหัวนูน #7x40 (06-017),,,,PCS,,,100×150 1 บาน,—,8,PCS,คิดราคาไม่มีรายการนี้,JR_บานยก_ฟูจิ
🟠 ต้องเติม,บานยก,มีแต่ในใบตัด,สกรูหัวนูน #8x38 (06-018),,,,PCS,,,100×150 1 บาน,—,8,PCS,คิดราคาไม่มีรายการนี้,JR_บานยก_ฟูจิ
✓ ผ่าน,บานเฟี้ยม ยูโร,อลูมิเนียม,F7968 เฟรมบนบานเฟี้ยม,F7968,,3262,เส้น,1,3262,180×280 2 บาน,F7968,1,ชิ้น,ตรง,JR_เฟี้ยมยูโร
✓ ผ่าน,บานเฟี้ยม ยูโร,อลูมิเนียม,เฟรมล่าง/รางยู,F7969,F7932,1797.3,เส้น,1,1797.3,180×280 2 บาน,F7969,1,ชิ้น,ตรง,JR_เฟี้ยมยูโร
✓ ผ่าน,บานเฟี้ยม ยูโร,อลูมิเนียม,F7970 เฟรมข้างบานเฟี้ยม,F7970,,1106.5,เส้น,2,1106.5,180×280 2 บาน,F7970,2,ชิ้น,ตรง,JR_เฟี้ยมยูโร
✓ ผ่าน,บานเฟี้ยม ยูโร,อลูมิเนียม,F7971 คิ้วตบเฟรมข้าง,F7971,,520,เส้น,2,520,180×280 2 บาน,F7971,2,ชิ้น,ตรง,JR_เฟี้ยมยูโร
✓ ผ่าน,บานเฟี้ยม ยูโร,อลูมิเนียม,F7973 ตบปิดเฟรม (ตั้ง) + F7973 ตบปิดเฟรม (นอน),F7973,,239,เส้น,4,478,180×280 2 บาน,F7973,4,ชิ้น,ตรง,JR_เฟี้ยมยูโร
✓ ผ่าน,บานเฟี้ยม ยูโร,อลูมิเนียม,F7972 กรอบบานเฟี้ยม (ตั้ง) + F7972 กรอบบานเฟี้ยม (ขวาง 45°),F7972,,1735,เส้น,8,5205,180×280 2 บาน,F7972,8,ชิ้น,ตรง,JR_เฟี้ยมยูโร
✓ ผ่าน,บานเฟี้ยม ยูโร,อลูมิเนียม,F7974 ชนกลางบานคู่,F7974,,966.2,เส้น,1,966.2,180×280 2 บาน,F7974,1,ชิ้น,ตรง,JR_เฟี้ยมยูโร
✓ ผ่าน,บานเฟี้ยม ยูโร,อลูมิเนียม,F7961 รับล็อคเฟรมข้างบานคู่,F7961,,613,เส้น,1,613,180×280 2 บาน,F7961,1,ชิ้น,ตรง,JR_เฟี้ยมยูโร
✓ ผ่าน,บานเฟี้ยม ยูโร,อลูมิเนียม,คิ้วกระจก (ตั้ง) + คิ้วกระจก (นอน),F7935,F7949,453.3,เส้น,8,1359.9,180×280 2 บาน,F7935,8,ชิ้น,ตรง,JR_เฟี้ยมยูโร
— ไม่ต้องทำ,บานเฟี้ยม ยูโร,กระจก,กระจก เขียว 6มม.,,,264,ตร.ม.,5.04,1330.56,180×280 2 บาน,,,,ใบตัดไม่มีรายการนี้,JR_เฟี้ยมยูโร
✓ ผ่าน,บานเฟี้ยม ยูโร,อุปกรณ์/สิ้นเปลือง,HD-640 บานพับล้อบน,HD-640,,299,ตัว,1,299,180×280 2 บาน,HD-640,1,ตัว,ตรง,JR_เฟี้ยมยูโร
✓ ผ่าน,บานเฟี้ยม ยูโร,อุปกรณ์/สิ้นเปลือง,HD-641 บานพับเฟี้ยม,HD-641,,72,ตัว,10,720,180×280 2 บาน,HD-641,10,ตัว,ตรง,JR_เฟี้ยมยูโร
✓ ผ่าน,บานเฟี้ยม ยูโร,อุปกรณ์/สิ้นเปลือง,HD-642 บานพับมือจับ,HD-642,,109,ตัว,1,109,180×280 2 บาน,HD-642,1,ตัว,ตรง,JR_เฟี้ยมยูโร
✓ ผ่าน,บานเฟี้ยม ยูโร,อุปกรณ์/สิ้นเปลือง,HD-643 บานพับไกด์ล่าง,HD-643,,199,ตัว,1,199,180×280 2 บาน,HD-643,1,ตัว,ตรง,JR_เฟี้ยมยูโร
✓ ผ่าน,บานเฟี้ยม ยูโร,อุปกรณ์/สิ้นเปลือง,HD-474 มือจับกลอน,JR00213,,85,ตัว,1,85,180×280 2 บาน,JR00213,1,ตัว,ตรง,JR_เฟี้ยมยูโร
✓ ผ่าน,บานเฟี้ยม ยูโร,อุปกรณ์/สิ้นเปลือง,HD-312 ตลับกลอนล็อค,HD-312,,88,ตัว,1,88,180×280 2 บาน,HD-312,1,ตัว,ตรง,JR_เฟี้ยมยูโร
✓ ผ่าน,บานเฟี้ยม ยูโร,อุปกรณ์/สิ้นเปลือง,HD-1180 ก้านสไลด์,HD-1180,,73,ตัว,2,146,180×280 2 บาน,HD-1180,2,ตัว,ตรง,JR_เฟี้ยมยูโร
✓ ผ่าน,บานเฟี้ยม ยูโร,อุปกรณ์/สิ้นเปลือง,HD-213 ฉากเข้ามุม,HD-213,,15,ตัว,8,120,180×280 2 บาน,HD-213,8,ตัว,ตรง,JR_เฟี้ยมยูโร
✓ ผ่าน,บานเฟี้ยม ยูโร,อุปกรณ์/สิ้นเปลือง,HD-200 ฉากประคองมุม,HD-200,,1.5,ตัว,24,36,180×280 2 บาน,HD-200,24,ตัว,ตรง,JR_เฟี้ยมยูโร
✓ ผ่าน,บานเฟี้ยม ยูโร,อุปกรณ์/สิ้นเปลือง,ยางลูกโป่ง 6mm,JR00770,,7,ม.,60.2,421.4,180×280 2 บาน,JR00770,60.2,ม.,ตรง,JR_เฟี้ยมยูโร
🟡 ต้องเคาะ,บานเฟี้ยม ยูโร,อุปกรณ์/สิ้นเปลือง,สักหลาด 5mm,,,1.22,ม.,10.9,13.3,180×280 2 บาน,—,10.9,ม.,คิดราคายังไม่มีรหัส,JR_เฟี้ยมยูโร
✓ ผ่าน,บานเฟี้ยม ยูโร,อุปกรณ์/สิ้นเปลือง,ยางอัด,JR00768,,8,ม.,13.2,105.6,180×280 2 บาน,JR00768,13.2,ม.,ตรง,JR_เฟี้ยมยูโร
✓ ผ่าน,บานเฟี้ยม ยูโร,อุปกรณ์/สิ้นเปลือง,ยางรอง,JR00769,,8,ม.,13.2,105.6,180×280 2 บาน,JR00769,13.2,ม.,ตรง,JR_เฟี้ยมยูโร
— ไม่ต้องทำ,บานเฟี้ยม ยูโร,อลูมิเนียม (ไม่ได้ใช้),F7975 บังใบ,F7975,,561,,0,0,180×280 2 บาน,,,,ไม่ได้ใช้ที่ขนาดนี้,JR_เฟี้ยมยูโร
— ไม่ต้องทำ,บานเฟี้ยม ยูโร,อลูมิเนียม (ไม่ได้ใช้),F7962 รับล็อคบานคู่+บานคี่,F7962,,1002.5,,0,0,180×280 2 บาน,,,,ไม่ได้ใช้ที่ขนาดนี้,JR_เฟี้ยมยูโร
— ไม่มีใบตัด,บานเกล็ด,อุปกรณ์/สิ้นเปลือง,"เฟรม 1""×4"" (รอบ+เสาแบ่ง)",,,905,เส้น,2,1810,300×150 2 บาน,,,,ยังไม่ผูกไฟล์,
— ไม่มีใบตัด,บานเกล็ด,อุปกรณ์/สิ้นเปลือง,ขาเกล็ดโยก,,,1,ชุด,2880,2880,300×150 2 บาน,,,,ยังไม่ผูกไฟล์,
— ไม่มีใบตัด,บานเกล็ด,อุปกรณ์/สิ้นเปลือง,ใบเกล็ด,,,572,เส้น,9,5148,300×150 2 บาน,,,,ยังไม่ผูกไฟล์,
— ไม่มีใบตัด,บานเกล็ด,อุปกรณ์/สิ้นเปลือง,ยู4หุน เกล็ดติดตาย,,,1,ชุด,4.8,4.8,300×150 2 บาน,,,,ยังไม่ผูกไฟล์,
— ไม่มีใบตัด,บานติดตายดัดโค้ง,กระจก,กระจก เขียว 6มม.,,,264,ตร.ม.,0.5,132,100×50 1 บาน,,,,ยังไม่ผูกไฟล์,
— ไม่มีใบตัด,บานติดตายดัดโค้ง,อุปกรณ์/สิ้นเปลือง,ค่าดัดโค้ง (อลูทั้งชุด รวมกล่อง),,,1,ชุด,2086,2086,100×50 1 บาน,,,,ยังไม่ผูกไฟล์,
— ไม่มีใบตัด,บานติดตายดัดโค้ง,อุปกรณ์/สิ้นเปลือง,ซิลิโคน (ใน+นอก),JR00221,,90,หลอด,1,90,100×50 1 บาน,,,,ยังไม่ผูกไฟล์,
— ไม่มีใบตัด,บานติดตายดัดโค้ง,อุปกรณ์/สิ้นเปลือง,กล่องเปิด+ตบปิดเปิด,,,1849,เส้น,1,1849,100×50 1 บาน,,,,ยังไม่ผูกไฟล์,
— ไม่มีใบตัด,บานติดตายดัดโค้ง,อุปกรณ์/สิ้นเปลือง,ปัดขึ้นหลักร้อย,,,1,,43,43,100×50 1 บาน,,,,ยังไม่ผูกไฟล์,
— ไม่มีใบตัด,บานเปิดดัดโค้ง,กระจก,กระจก เทมเปอร์ 6มม.,,,403,ตร.ม.,2.16,870.48,90×240 1 บาน,,,,ยังไม่ผูกไฟล์,
— ไม่มีใบตัด,บานเปิดดัดโค้ง,อุปกรณ์/สิ้นเปลือง,ราคาบาน (สั่งร้านอื่น รวมอุปกรณ์),,,1,ชุด,16000,16000,90×240 1 บาน,,,,ยังไม่ผูกไฟล์,
— ไม่มีใบตัด,บานเปิดดัดโค้ง,อุปกรณ์/สิ้นเปลือง,ซิลิโคน (PU) ใน+นอก,JR00221,,90,หลอด,2,180,90×240 1 บาน,,,,ยังไม่ผูกไฟล์,
— ไม่มีใบตัด,ระแนงบังตา,อุปกรณ์/สิ้นเปลือง,ใบระแนง (กล่อง),,,1220,เส้น,9,10980,200×240 1 บาน,,,,ยังไม่ผูกไฟล์,
✓ ผ่าน,ประตูรั้วบานเลื่อน,อลูมิเนียม,"เสาตั้งข้าง (2×4) + เสานอนบน (2×4, รวมหาง) + เสานอนล่าง (2×4, รวมหาง) + เสาตั้งท้ายหาง (2×4) + เส้นทแยงค้ำมุมบน (2×4)","กล่อง 2""x4""",,1540,เส้น,6,4619.99,350×180 1 บาน,"กล่อง 2""X4""",6,ชิ้น,ตรง,JR_ประตูรั้ว
✓ ผ่าน,ประตูรั้วบานเลื่อน,อลูมิเนียม,ใบระแนง A (กล่อง 1×1.6″),"กล่อง 1""x1.6""",,485,เส้น,39,4850,350×180 1 บาน,"กล่อง 1""X1.6""",39,ชิ้น,ตรง,JR_ประตูรั้ว
✓ ผ่าน,ประตูรั้วบานเลื่อน,อลูมิเนียม,เสารับไกด์ (4×4) — เสาแยก,"กล่อง 4""x4""",,2210,เส้น,1,2210,350×180 1 บาน,"กล่อง 4""X4""",1,ชิ้น,ตรง,JR_ประตูรั้ว
— ไม่ต้องทำ,ประตูรั้วบานเลื่อน,อลูมิเนียม,"ราง ฉากเหล็ก 1.5""+เพลา 4หุน (ชุด 6 ม.)",,,1090,เส้น,1,2180,350×180 1 บาน,,,,ใบตัดไม่มีรายการนี้,JR_ประตูรั้ว
— ไม่ต้องทำ,ประตูรั้วบานเลื่อน,อุปกรณ์/สิ้นเปลือง,"เหล็กยัดเสา 4""×4""",,,860,ชิ้น,1,860,350×180 1 บาน,,,,ใบตัดไม่มีรายการนี้,JR_ประตูรั้ว
✓ ผ่าน,ประตูรั้วบานเลื่อน,อุปกรณ์/สิ้นเปลือง,"ล้อวิ่ง 3""",JR02942,,299,ตัว,2,598,350×180 1 บาน,JR02942,2,ตัว,ตรง,JR_ประตูรั้ว
✓ ผ่าน,ประตูรั้วบานเลื่อน,อุปกรณ์/สิ้นเปลือง,ล้อไกด์ประคองหลัง,JR02943,,30,ตัว,4,120,350×180 1 บาน,JR02943,4,ตัว,ตรง,JR_ประตูรั้ว
🟡 ต้องเคาะ,ประตูรั้วบานเลื่อน,อุปกรณ์/สิ้นเปลือง,มอเตอร์,,,16000,ตัว,1,16000,350×180 1 บาน,—,1,ตัว,คิดราคายังไม่มีรหัส,JR_ประตูรั้ว
— ไม่ต้องทำ,ประตูรั้วบานเลื่อน,อลูมิเนียม (ไม่ได้ใช้),ใบระแนง A (กล่อง 1×1″),"กล่อง 1""X1""",,310,,0,0,350×180 1 บาน,,,,ไม่ได้ใช้ที่ขนาดนี้,JR_ประตูรั้ว
— ไม่ต้องทำ,ประตูรั้วบานเลื่อน,อลูมิเนียม (ไม่ได้ใช้),ใบระแนง A (กล่อง 1×1.5″),"กล่อง 1""X1.5""",,395,,0,0,350×180 1 บาน,,,,ไม่ได้ใช้ที่ขนาดนี้,JR_ประตูรั้ว
— ไม่ต้องทำ,ประตูรั้วบานเลื่อน,อลูมิเนียม (ไม่ได้ใช้),ใบระแนง A (กล่อง 1×4″),"กล่อง 1""X4""",,905,,0,0,350×180 1 บาน,,,,ไม่ได้ใช้ที่ขนาดนี้,JR_ประตูรั้ว
— ไม่ต้องทำ,ประตูรั้วบานเลื่อน,อลูมิเนียม (ไม่ได้ใช้),ใบระแนง A (กล่อง 1×5 ซม.),กล่อง 1X5,,500,,0,0,350×180 1 บาน,,,,ไม่ได้ใช้ที่ขนาดนี้,JR_ประตูรั้ว
— ไม่ต้องทำ,ประตูรั้วบานเลื่อน,อลูมิเนียม (ไม่ได้ใช้),ใบระแนง A (กล่อง 1.6×1.6″),"กล่อง 1.6""X1.6""",,770,,0,0,350×180 1 บาน,,,,ไม่ได้ใช้ที่ขนาดนี้,JR_ประตูรั้ว
— ไม่ต้องทำ,ประตูรั้วบานเลื่อน,อลูมิเนียม (ไม่ได้ใช้),ใบระแนง A (กล่อง 1.6×4″),"กล่อง 1.6""X4""",,1220,,0,0,350×180 1 บาน,,,,ไม่ได้ใช้ที่ขนาดนี้,JR_ประตูรั้ว
— ไม่ต้องทำ,ประตูรั้วบานเลื่อน,อลูมิเนียม (ไม่ได้ใช้),"ฉากข้อต่อ 2"" (เฉพาะแปะนอก)",JR02944,,320,,0,0,350×180 1 บาน,,,,ไม่ได้ใช้ที่ขนาดนี้,JR_ประตูรั้ว
— ไม่มีใบตัด,ระแนงสลับ (คละกล่อง 2 แบบ),อุปกรณ์/สิ้นเปลือง,กล่อง A (ใบระแนง),,,1220,เส้น,6,7320,400×200 1 บาน,,,,ยังไม่ผูกไฟล์,
— ไม่มีใบตัด,ระแนงสลับ (คละกล่อง 2 แบบ),อุปกรณ์/สิ้นเปลือง,กล่อง B (ใบระแนง),,,485,เส้น,9,4365,400×200 1 บาน,,,,ยังไม่ผูกไฟล์,
— ไม่มีใบตัด,ระแนงปรับหมุนได้,อุปกรณ์/สิ้นเปลือง,"ใบระแนง (กล่อง 1.6""×4"")",,,1220,เส้น,19,23180,200×240 1 บาน,,,,ยังไม่ผูกไฟล์,
— ไม่มีใบตัด,ระแนงปรับหมุนได้,อุปกรณ์/สิ้นเปลือง,"เพลาหมุน กล่อง 4""×4""",,,2208,เส้น,1,2208,200×240 1 บาน,,,,ยังไม่ผูกไฟล์,
— ไม่มีใบตัด,ระแนงปรับหมุนได้,อุปกรณ์/สิ้นเปลือง,มอเตอร์ระแนงหมุน,,,1800,ตัว,1,1800,200×240 1 บาน,,,,ยังไม่ผูกไฟล์,
— ไม่มีใบตัด,ระแนงปรับหมุนได้,อุปกรณ์/สิ้นเปลือง,อุปกรณ์หมุน+จุดหมุน,,,1,ชุด,9520,9520,200×240 1 บาน,,,,ยังไม่ผูกไฟล์,
— ไม่มีใบตัด,ราวกันตก/ราวบันได กระจก,กระจก,กระจก เทมเปอร์ใส 10มม.,,,695,ตร.ม.,3.3,2293.5,300×110 1 บาน,,,,ยังไม่ผูกไฟล์,
— ไม่มีใบตัด,ราวกันตก/ราวบันได กระจก,อุปกรณ์/สิ้นเปลือง,ยูเหล็กฐาน 6หุน×1½,JR00216,,225,เส้น6ม,0.5,112.5,300×110 1 บาน,,,,ยังไม่ผูกไฟล์,
— ไม่มีใบตัด,ราวกันตก/ราวบันได กระจก,อุปกรณ์/สิ้นเปลือง,เพลท 2 ฝั่ง,JR00241,,600,เส้น6ม,1,600,300×110 1 บาน,,,,ยังไม่ผูกไฟล์,
— ไม่มีใบตัด,ราวกันตก/ราวบันได กระจก,อุปกรณ์/สิ้นเปลือง,"อลูครอบ 2""×6""",JR00266,,3207,เส้น6ม,0.5,1603.5,300×110 1 บาน,,,,ยังไม่ผูกไฟล์,
— ไม่มีใบตัด,ราวกันตก/ราวบันได กระจก,อุปกรณ์/สิ้นเปลือง,PU ยิงร่อง (2ฝั่ง),JR00257,,90,หลอด,2,180,300×110 1 บาน,,,,ยังไม่ผูกไฟล์,
— ไม่มีใบตัด,ราวกันตก/ราวบันได กระจก,อุปกรณ์/สิ้นเปลือง,ค่าแรง (ผลิต+ติดตั้ง),,,1575,งาน,1,1575,300×110 1 บาน,,,,ยังไม่ผูกไฟล์,
— ไม่ต้องทำ,ราวกันตก/ราวบันได กระจก,อุปกรณ์ (ไม่ได้ใช้),ตัวหนีบกระจก (หมุด),JR00254,,175,ตัว,0,0,300×110 1 บาน,,,,ไม่ได้ใช้ที่ขนาดนี้,
— ไม่ต้องทำ,ราวกันตก/ราวบันได กระจก,อุปกรณ์ (ไม่ได้ใช้),เสา เหล็ก1×1½ ยัดใน,JR00268,,225,เส้น6ม,0,0,300×110 1 บาน,,,,ไม่ได้ใช้ที่ขนาดนี้,
— ไม่ต้องทำ,ราวกันตก/ราวบันได กระจก,อุปกรณ์ (ไม่ได้ใช้),ยู5หุน จับกระจก,JR00253,,200,เส้น6ม,0,0,300×110 1 บาน,,,,ไม่ได้ใช้ที่ขนาดนี้,
— ไม่มีใบตัด,อลูลูกฟูกทึบ / คอมโพสิต,อุปกรณ์/สิ้นเปลือง,อลูลูกฟูกทึบ / คอมโพสิต ลูกฟูก 2 ทาง (ปัดสูง 2.4→3ม.),,,3500,ตร.ม.,6,21000,200×240 1 บาน,,,,ยังไม่ผูกไฟล์,
— ไม่มีใบตัด,ระแนงบานเกล็ดอลู (ลูกฟูกเรียบ 2 หน้า · ข้อ 38.1),อุปกรณ์/สิ้นเปลือง,ระแนงบานเกล็ดอลู (ลูกฟูกเรียบ 2 หน้า · ข้อ 38.1),,,0,ตร.ม.,4.8,0,200×240 1 บาน,,,,ยังไม่ผูกไฟล์,
— ไม่มีใบตัด,ระแนงเลื่อน (ลูกฟูกเรียบ 2 ทาง · ข้อ 38.2),อลูมิเนียม,เฟรมบน B22001,B22001,,1283,เส้น,1,1283,300×240 2 บาน,,,,ยังไม่ผูกไฟล์,
— ไม่มีใบตัด,ระแนงเลื่อน (ลูกฟูกเรียบ 2 ทาง · ข้อ 38.2),อลูมิเนียม,เฟรมข้าง B22002,B22002,,1070,เส้น,2,1070,300×240 2 บาน,,,,ยังไม่ผูกไฟล์,
— ไม่มีใบตัด,ระแนงเลื่อน (ลูกฟูกเรียบ 2 ทาง · ข้อ 38.2),อลูมิเนียม,เฟรมล่างกันน้ำ (ภายนอก) B20041,B20041,,2150.5,เส้น,1,2150.5,300×240 2 บาน,,,,ยังไม่ผูกไฟล์,
— ไม่มีใบตัด,ระแนงเลื่อน (ลูกฟูกเรียบ 2 ทาง · ข้อ 38.2),อลูมิเนียม,เสากุญแจ ML B20051,B20051,,919.5,เส้น,2,919.5,300×240 2 บาน,,,,ยังไม่ผูกไฟล์,
— ไม่มีใบตัด,ระแนงเลื่อน (ลูกฟูกเรียบ 2 ทาง · ข้อ 38.2),อลูมิเนียม,เสาเกี่ยวธรรมดา B20009,B20009,,716.8,เส้น,2,716.8,300×240 2 บาน,,,,ยังไม่ผูกไฟล์,
— ไม่มีใบตัด,ระแนงเลื่อน (ลูกฟูกเรียบ 2 ทาง · ข้อ 38.2),อลูมิเนียม,ขวางบน/ล่าง B20054,B20054,,1101.2,เส้น,4,1101.2,300×240 2 บาน,,,,ยังไม่ผูกไฟล์,
— ไม่มีใบตัด,ระแนงเลื่อน (ลูกฟูกเรียบ 2 ทาง · ข้อ 38.2),อลูมิเนียม,ตบปิดเฟรม B20019,B20019,,181.8,เส้น,4,363.6,300×240 2 บาน,,,,ยังไม่ผูกไฟล์,
— ไม่มีใบตัด,ระแนงเลื่อน (ลูกฟูกเรียบ 2 ทาง · ข้อ 38.2),อลูมิเนียม,ตบราง (ภายนอก) B20050,B20050,,150.7,เส้น,2,150.7,300×240 2 บาน,,,,ยังไม่ผูกไฟล์,
— ไม่มีใบตัด,ระแนงเลื่อน (ลูกฟูกเรียบ 2 ทาง · ข้อ 38.2),อุปกรณ์/สิ้นเปลือง,ลูกฟูก2ทาง (แทนกระจก),JR00206,,432,เส้น6ม,15,6480,300×240 2 บาน,,,,ยังไม่ผูกไฟล์,
— ไม่มีใบตัด,ระแนงเลื่อน (ลูกฟูกเรียบ 2 ทาง · ข้อ 38.2),อุปกรณ์/สิ้นเปลือง,ล้อ 27 (2/บาน),JR00228,,80,ตัว,4,320,300×240 2 บาน,,,,ยังไม่ผูกไฟล์,
— ไม่มีใบตัด,ระแนงเลื่อน (ลูกฟูกเรียบ 2 ทาง · ข้อ 38.2),อุปกรณ์/สิ้นเปลือง,มือจับ Align (2/บาน),JR00378,,99,ตัว,4,396,300×240 2 บาน,,,,ยังไม่ผูกไฟล์,
— ไม่มีใบตัด,ระแนงเลื่อน (ลูกฟูกเรียบ 2 ทาง · ข้อ 38.2),อุปกรณ์/สิ้นเปลือง,ชุดล็อค,JR00246,,189,ชุด,2,378,300×240 2 บาน,,,,ยังไม่ผูกไฟล์,
— ไม่มีใบตัด,ระแนงเลื่อน (ลูกฟูกเรียบ 2 ทาง · ข้อ 38.2),อุปกรณ์/สิ้นเปลือง,น็อต,JR00226,,1,ตัว,16,16,300×240 2 บาน,,,,ยังไม่ผูกไฟล์,
— ไม่มีใบตัด,ระแนงเลื่อน (ลูกฟูกเรียบ 2 ทาง · ข้อ 38.2),อุปกรณ์/สิ้นเปลือง,ล้อลูกฟูก (=จำนวนลูกฟูก),JR00209,,7,ตัว,30,210,300×240 2 บาน,,,,ยังไม่ผูกไฟล์,
— ไม่มีใบตัด,ระแนงเลื่อน (ลูกฟูกเรียบ 2 ทาง · ข้อ 38.2),อุปกรณ์/สิ้นเปลือง,ดาม กล่อง1×1 (นอก+ใน กลาง),,,310,เส้น6ม,1,310,300×240 2 บาน,,,,ยังไม่ผูกไฟล์,
— ไม่มีใบตัด,ระแนงเลื่อน (ลูกฟูกเรียบ 2 ทาง · ข้อ 38.2),อุปกรณ์/สิ้นเปลือง,สักหลาด,JR00242,,1.5,ม.,55.8,83.7,300×240 2 บาน,,,,ยังไม่ผูกไฟล์,
— ไม่มีใบตัด,ระแนงเลื่อน (ลูกฟูกเรียบ 2 ทาง · ข้อ 38.2),อุปกรณ์/สิ้นเปลือง,ซิลิโคน,JR00221,,90,หลอด,2,180,300×240 2 บาน,,,,ยังไม่ผูกไฟล์,
— ไม่ต้องทำ,ระแนงเลื่อน (ลูกฟูกเรียบ 2 ทาง · ข้อ 38.2),อลูมิเนียม (ไม่ได้ใช้),เฟรมล่างกันน้ำ (ภายใน) B20047,B20047,,825,,0,0,300×240 2 บาน,,,,ไม่ได้ใช้ที่ขนาดนี้,
— ไม่ต้องทำ,ระแนงเลื่อน (ลูกฟูกเรียบ 2 ทาง · ข้อ 38.2),อลูมิเนียม (ไม่ได้ใช้),เสาเกี่ยวรับแรง B20010,B20010,,1235,,0,0,300×240 2 บาน,,,,ไม่ได้ใช้ที่ขนาดนี้,
— ไม่ต้องทำ,ระแนงเลื่อน (ลูกฟูกเรียบ 2 ทาง · ข้อ 38.2),อุปกรณ์ (ไม่ได้ใช้),ตบปิดรางเตี้ย (ภายใน) 20050,JR00222,,145,เส้น6ม,0,0,300×240 2 บาน,,,,ไม่ได้ใช้ที่ขนาดนี้,
— ไม่มีใบตัด,"ระแนงหมุนเปิด-ปิด (กล่อง 1""x4"" โชว์ 4"" · ข้อ 38.3)",อุปกรณ์/สิ้นเปลือง,"ระแนงหมุนเปิด-ปิด (กล่อง 1""x4"" โชว์ 4"" · ข้อ 38.3)",,,0,ตร.ม.,4.8,0,200×240 1 บาน,,,,ยังไม่ผูกไฟล์,
✓ ผ่าน,หลังคา,อลูมิเนียม,จันทันรัดรอบ (กว้าง หน้า-หลัง) + จันทันรัดรอบ (ยื่น ข้าง) + จันทันซอย 1.6×4 + กล่องครอบเพลท 1.6×4,"กล่อง 1.6""x4""",,1220,เส้น,18,6100,400×200 1 บาน,"กล่อง 1.6""X4""",18,ชิ้น,ตรง,ใบตัด: awning
✓ ผ่าน,หลังคา,อลูมิเนียม,แป (ยัดในช่อง) — เดี่ยว,"กล่อง 1.6""x1.6""",,770,เส้น,30,3080,400×200 1 บาน,"กล่อง 1.6""X1.6""",30,ชิ้น,ตรง,ใบตัด: awning
✓ ผ่าน,หลังคา,อลูมิเนียม,ฉาก 6 หุน,ฉาก 6 หุน,,140,เส้น,1,140,400×200 1 บาน,ฉาก 6 หุน,1,ชิ้น,ตรง,ใบตัด: awning
✓ ผ่าน,หลังคา,อลูมิเนียม,"แซด 4""","แซด 4""",,140,เส้น,1,140,400×200 1 บาน,"แซด 4""",1,ชิ้น,ตรง,ใบตัด: awning
✓ ผ่าน,หลังคา,อลูมิเนียม,รัดรอบ (หน้า) + รัดรอบ (ข้าง),"กล่อง 1""x1.5""",,393,เส้น,3,786,400×200 1 บาน,"กล่อง 1""X1.5""",3,ชิ้น,ตรง,ใบตัด: awning
— ไม่ต้องทำ,หลังคา,อุปกรณ์/สิ้นเปลือง,"กล่องเหล็ก 1""×1""",,,110,เส้น,7,770,400×200 1 บาน,,,,ใบตัดไม่มีรายการนี้,ใบตัด: awning
— ไม่ต้องทำ,หลังคา,อุปกรณ์/สิ้นเปลือง,เพลทเหล็ก,,,15,แผ่น,14,210,400×200 1 บาน,,,,ใบตัดไม่มีรายการนี้,ใบตัด: awning
— ไม่ต้องทำ,หลังคา,อุปกรณ์/สิ้นเปลือง,รางน้ำอลู,,,2273,เส้น,1,2273,400×200 1 บาน,,,,ใบตัดไม่มีรายการนี้,ใบตัด: awning
— ไม่ต้องทำ,หลังคา,อุปกรณ์/สิ้นเปลือง,แผ่นไวนิล (7ม.),,,1540,แผ่น,6,9240,400×200 1 บาน,,,,ใบตัดไม่มีรายการนี้,ใบตัด: awning
— ไม่ต้องทำ,หลังคา,อุปกรณ์/สิ้นเปลือง,ฝาครอบไวนิล,,,245,เส้น,16,3920,400×200 1 บาน,,,,ใบตัดไม่มีรายการนี้,ใบตัด: awning
✓ ผ่าน,หลังคาจั่ว,อลูมิเนียม,จันทัน 1.6×4 (2 ฝั่ง),"กล่อง 1.6""x4""",,1220,เส้น,8,4880,400×200 1 บาน,"กล่อง 1.6""X4""",8,ชิ้น,ตรง,ใบตัด: gable_straight
✓ ผ่าน,หลังคาจั่ว,อลูมิเนียม,สัน/อกไก่ 4×4 + คานตัว T คานนอน 4×4 + คานตัว T เสาตั้ง 4×4 + รัดรอบ 4×4 (แนวยื่น 2 ข้าง) + รัดรอบ 4×4 (แนวกว้าง ปลาย),"กล่อง 4""x4""",,2208,เส้น,10,11039.99,400×200 1 บาน,"กล่อง 4""X4""",10,ชิ้น,ตรง,ใบตัด: gable_straight
✓ ผ่าน,หลังคาจั่ว,อลูมิเนียม,แป 1×1½,"กล่อง 1""x1.5""",,393,เส้น,60,2751,400×200 1 บาน,"กล่อง 1""X1.5""",60,ชิ้น,ตรง,ใบตัด: gable_straight
— ไม่ต้องทำ,หลังคาจั่ว,อุปกรณ์/สิ้นเปลือง,ฉาก 6 หุน (2 ชายคา),,,140,เส้น,2,280,400×200 1 บาน,,,,ใบตัดไม่มีรายการนี้,ใบตัด: gable_straight
— ไม่ต้องทำ,หลังคาจั่ว,อุปกรณ์/สิ้นเปลือง,"แซด 4"" (2 ชายคา)",,,140,เส้น,2,280,400×200 1 บาน,,,,ใบตัดไม่มีรายการนี้,ใบตัด: gable_straight
— ไม่ต้องทำ,หลังคาจั่ว,อุปกรณ์/สิ้นเปลือง,"กล่องเหล็ก 1""×1""",,,110,เส้น,8,880,400×200 1 บาน,,,,ใบตัดไม่มีรายการนี้,ใบตัด: gable_straight
— ไม่ต้องทำ,หลังคาจั่ว,อุปกรณ์/สิ้นเปลือง,เพลทเหล็ก,,,15,แผ่น,16,240,400×200 1 บาน,,,,ใบตัดไม่มีรายการนี้,ใบตัด: gable_straight
— ไม่ต้องทำ,หลังคาจั่ว,อุปกรณ์/สิ้นเปลือง,รางน้ำอลู,,,2273,เส้น,2,4546,400×200 1 บาน,,,,ใบตัดไม่มีรายการนี้,ใบตัด: gable_straight
— ไม่ต้องทำ,หลังคาจั่ว,อุปกรณ์/สิ้นเปลือง,แผ่นไวนิล (2 ด้าน),,,1540,แผ่น,8,12320,400×200 1 บาน,,,,ใบตัดไม่มีรายการนี้,ใบตัด: gable_straight
— ไม่ต้องทำ,หลังคาจั่ว,อุปกรณ์/สิ้นเปลือง,ฝาครอบไวนิล (2 ด้าน),,,245,เส้น,16,3920,400×200 1 บาน,,,,ใบตัดไม่มีรายการนี้,ใบตัด: gable_straight
— ไม่มีใบตัด,หลังคาเลื่อน (เปิด-ปิดได้),อุปกรณ์/สิ้นเปลือง,จันทัน 1.6×4 (ติดตาย),,,1220,เส้น,5,6100,400×200 2 บาน,,,,ยังไม่ผูกไฟล์,
— ไม่มีใบตัด,หลังคาเลื่อน (เปิด-ปิดได้),อุปกรณ์/สิ้นเปลือง,แป กล่อง (ติดตาย) — เดี่ยว,,,770,เส้น,5,3850,400×200 2 บาน,,,,ยังไม่ผูกไฟล์,
— ไม่มีใบตัด,หลังคาเลื่อน (เปิด-ปิดได้),อุปกรณ์/สิ้นเปลือง,ฉาก 6 หุน (ติดตาย),,,140,เส้น,1,140,400×200 2 บาน,,,,ยังไม่ผูกไฟล์,
— ไม่มีใบตัด,หลังคาเลื่อน (เปิด-ปิดได้),อุปกรณ์/สิ้นเปลือง,"แซด 4"" (ติดตาย)",,,140,เส้น,1,140,400×200 2 บาน,,,,ยังไม่ผูกไฟล์,
— ไม่มีใบตัด,หลังคาเลื่อน (เปิด-ปิดได้),อุปกรณ์/สิ้นเปลือง,กล่องเหล็ก 1×1 (ติดตาย),,,110,เส้น,5,550,400×200 2 บาน,,,,ยังไม่ผูกไฟล์,
— ไม่มีใบตัด,หลังคาเลื่อน (เปิด-ปิดได้),อุปกรณ์/สิ้นเปลือง,เพลทเหล็ก (ติดตาย),,,15,แผ่น,10,150,400×200 2 บาน,,,,ยังไม่ผูกไฟล์,
— ไม่มีใบตัด,หลังคาเลื่อน (เปิด-ปิดได้),อุปกรณ์/สิ้นเปลือง,แผ่นไวนิล (ติดตาย),,,1540,แผ่น,6,9240,400×200 2 บาน,,,,ยังไม่ผูกไฟล์,
— ไม่มีใบตัด,หลังคาเลื่อน (เปิด-ปิดได้),อุปกรณ์/สิ้นเปลือง,ฝาครอบไวนิล (ติดตาย),,,245,เส้น,16,3920,400×200 2 บาน,,,,ยังไม่ผูกไฟล์,
— ไม่มีใบตัด,หลังคาเลื่อน (เปิด-ปิดได้),อุปกรณ์/สิ้นเปลือง,จันทัน 1.6×4 (เลื่อน),,,1220,เส้น,6,7320,400×200 2 บาน,,,,ยังไม่ผูกไฟล์,
— ไม่มีใบตัด,หลังคาเลื่อน (เปิด-ปิดได้),อุปกรณ์/สิ้นเปลือง,แป กล่อง (เลื่อน) — เดี่ยว,,,770,เส้น,8,6160,400×200 2 บาน,,,,ยังไม่ผูกไฟล์,
— ไม่มีใบตัด,หลังคาเลื่อน (เปิด-ปิดได้),อุปกรณ์/สิ้นเปลือง,ฉาก 6 หุน (เลื่อน),,,140,เส้น,2,280,400×200 2 บาน,,,,ยังไม่ผูกไฟล์,
— ไม่มีใบตัด,หลังคาเลื่อน (เปิด-ปิดได้),อุปกรณ์/สิ้นเปลือง,"แซด 4"" (เลื่อน)",,,140,เส้น,2,280,400×200 2 บาน,,,,ยังไม่ผูกไฟล์,
— ไม่มีใบตัด,หลังคาเลื่อน (เปิด-ปิดได้),อุปกรณ์/สิ้นเปลือง,กล่องเหล็ก 1×1 (เลื่อน),,,110,เส้น,6,660,400×200 2 บาน,,,,ยังไม่ผูกไฟล์,
— ไม่มีใบตัด,หลังคาเลื่อน (เปิด-ปิดได้),อุปกรณ์/สิ้นเปลือง,เพลทเหล็ก (เลื่อน),,,15,แผ่น,12,180,400×200 2 บาน,,,,ยังไม่ผูกไฟล์,
— ไม่มีใบตัด,หลังคาเลื่อน (เปิด-ปิดได้),อุปกรณ์/สิ้นเปลือง,แผ่นไวนิล (เลื่อน),,,1540,แผ่น,4,6160,400×200 2 บาน,,,,ยังไม่ผูกไฟล์,
— ไม่มีใบตัด,หลังคาเลื่อน (เปิด-ปิดได้),อุปกรณ์/สิ้นเปลือง,ฝาครอบไวนิล (เลื่อน),,,245,เส้น,12,2940,400×200 2 บาน,,,,ยังไม่ผูกไฟล์,
— ไม่มีใบตัด,หลังคาเลื่อน (เปิด-ปิดได้),อุปกรณ์/สิ้นเปลือง,ราง (2 ฝั่ง),,,4080,เส้น,0.65,2652,400×200 2 บาน,,,,ยังไม่ผูกไฟล์,
🟠 ต้องเติม,กันสาดหลายด้าน,มีแต่ในใบตัด (อลู),จันทัน ด้าน 1 #1,"กล่อง 4""X4""",,,ชิ้น,,,400×200 1 บาน,"กล่อง 4""X4""",8,ชิ้น,คิดราคาไม่มีรายการนี้,ใบตัด: awning_multi
🟠 ต้องเติม,กันสาดหลายด้าน,มีแต่ในใบตัด (อลู),จันทัน ด้าน 1 #2,"กล่อง 1.6""X4""",,,ชิ้น,,,400×200 1 บาน,"กล่อง 1.6""X4""",25,ชิ้น,คิดราคาไม่มีรายการนี้,ใบตัด: awning_multi
🟠 ต้องเติม,กันสาดหลายด้าน,มีแต่ในใบตัด (อลู),แป 1×1½ ด้าน 1,"กล่อง 1""X1.5""",,,ชิ้น,,,400×200 1 บาน,"กล่อง 1""X1.5""",58,ชิ้น,คิดราคาไม่มีรายการนี้,ใบตัด: awning_multi
🟠 ต้องเติม,กันสาดหลายด้าน,มีแต่ในใบตัด (อลู),ฉาก 6 หุน ด้าน 1,ฉาก 6 หุน,,,ชิ้น,,,400×200 1 บาน,ฉาก 6 หุน,2,ชิ้น,คิดราคาไม่มีรายการนี้,ใบตัด: awning_multi
🟠 ต้องเติม,กันสาดหลายด้าน,มีแต่ในใบตัด (อลู),"แซด 4"" ด้าน 1","แซด 4""",,,ชิ้น,,,400×200 1 บาน,"แซด 4""",2,ชิ้น,คิดราคาไม่มีรายการนี้,ใบตัด: awning_multi
🟠 ต้องเติม,กลาสเฮ้าส์หลายด้าน,มีแต่ในใบตัด (อลู),จันทัน ด้าน 1 #1,"กล่อง 4""X4""",,,ชิ้น,,,400×200 1 บาน,"กล่อง 4""X4""",8,ชิ้น,คิดราคาไม่มีรายการนี้,ใบตัด: glasshouse_multi
🟠 ต้องเติม,กลาสเฮ้าส์หลายด้าน,มีแต่ในใบตัด (อลู),จันทัน ด้าน 1 #2,"กล่อง 1.6""X4""",,,ชิ้น,,,400×200 1 บาน,"กล่อง 1.6""X4""",15,ชิ้น,คิดราคาไม่มีรายการนี้,ใบตัด: glasshouse_multi
🟠 ต้องเติม,กลาสเฮ้าส์หลายด้าน,มีแต่ในใบตัด (อลู),แป 1×1½ ด้าน 1,"กล่อง 1""X1.5""",,,ชิ้น,,,400×200 1 บาน,"กล่อง 1""X1.5""",58,ชิ้น,คิดราคาไม่มีรายการนี้,ใบตัด: glasshouse_multi
🟠 ต้องเติม,กลาสเฮ้าส์ (เพิงตรง),มีแต่ในใบตัด (อลู),จันทันรัดรอบ 4×4 หน้า-หลัง,"กล่อง 4""X4""",,,ชิ้น,,,400×300 1 บาน,"กล่อง 4""X4""",6,ชิ้น,คิดราคาไม่มีรายการนี้,ใบตัด: glasshouse
🟠 ต้องเติม,กลาสเฮ้าส์ (เพิงตรง),มีแต่ในใบตัด (อลู),จันทันซอย 1.6×4 (ตัวใน),"กล่อง 1.6""X4""",,,ชิ้น,,,400×300 1 บาน,"กล่อง 1.6""X4""",7,ชิ้น,คิดราคาไม่มีรายการนี้,ใบตัด: glasshouse
🟠 ต้องเติม,กลาสเฮ้าส์ (เพิงตรง),มีแต่ในใบตัด (อลู),แป 1×1½,"กล่อง 1""X1.5""",,,ชิ้น,,,400×300 1 บาน,"กล่อง 1""X1.5""",84,ชิ้น,คิดราคาไม่มีรายการนี้,ใบตัด: glasshouse
🟠 ต้องเติม,จั่วหลายด้าน,มีแต่ในใบตัด (อลู),จันทัน ด้าน 1 #1 (×2 สโลป),"กล่อง 4""X4""",,,ชิ้น,,,400×200 1 บาน,"กล่อง 4""X4""",28,ชิ้น,คิดราคาไม่มีรายการนี้,ใบตัด: gable_multi
🟠 ต้องเติม,จั่วหลายด้าน,มีแต่ในใบตัด (อลู),จันทัน ด้าน 1 #2 (×2 สโลป),"กล่อง 1.6""X4""",,,ชิ้น,,,400×200 1 บาน,"กล่อง 1.6""X4""",20,ชิ้น,คิดราคาไม่มีรายการนี้,ใบตัด: gable_multi
🟠 ต้องเติม,จั่วหลายด้าน,มีแต่ในใบตัด (อลู),แป 1×1½ ด้าน 1 (×2 สโลป),"กล่อง 1""X1.5""",,,ชิ้น,,,400×200 1 บาน,"กล่อง 1""X1.5""",172,ชิ้น,คิดราคาไม่มีรายการนี้,ใบตัด: gable_multi
— ไม่มีใบตัด,ฝ้ายิปซัม (ฉาบเรียบ ทาสีขาว),อุปกรณ์/สิ้นเปลือง,แผ่นยิปซัม 9มม. (1.2×2.4),,,284,แผ่น,12,3408,500×600 1 บาน,,,,ยังไม่ผูกไฟล์,
— ไม่มีใบตัด,ฝ้ายิปซัม (ฉาบเรียบ ทาสีขาว),อุปกรณ์/สิ้นเปลือง,โครงซีไลน์ (ฟิวริ่ง),,,50,เส้น,19,950,500×600 1 บาน,,,,ยังไม่ผูกไฟล์,
— ไม่มีใบตัด,ฝ้ายิปซัม (ฉาบเรียบ ทาสีขาว),อุปกรณ์/สิ้นเปลือง,โครงเคร่าหลัก (อาบ),,,50,เส้น,8,400,500×600 1 บาน,,,,ยังไม่ผูกไฟล์,
— ไม่มีใบตัด,ฝ้ายิปซัม (ฉาบเรียบ ทาสีขาว),อุปกรณ์/สิ้นเปลือง,ขาแขวน,,,50,เส้น,3,150,500×600 1 บาน,,,,ยังไม่ผูกไฟล์,
— ไม่มีใบตัด,ฝ้ายิปซัม (ฉาบเรียบ ทาสีขาว),อุปกรณ์/สิ้นเปลือง,สกรูยึดแผ่น,,,0.5,ตัว,450,225,500×600 1 บาน,,,,ยังไม่ผูกไฟล์,
— ไม่มีใบตัด,ฝ้ายิปซัม (ฉาบเรียบ ทาสีขาว),อุปกรณ์/สิ้นเปลือง,สกรูยึดโครง,,,0.5,ตัว,150,75,500×600 1 บาน,,,,ยังไม่ผูกไฟล์,
— ไม่มีใบตัด,ฝ้ายิปซัม (ฉาบเรียบ ทาสีขาว),อุปกรณ์/สิ้นเปลือง,ปูนฉาบรอยต่อ,,,240,ถุง,1,240,500×600 1 บาน,,,,ยังไม่ผูกไฟล์,
— ไม่มีใบตัด,ฝ้ายิปซัม (ฉาบเรียบ ทาสีขาว),อุปกรณ์/สิ้นเปลือง,เทป/ตาข่าย,,,70,ม้วน,1,70,500×600 1 บาน,,,,ยังไม่ผูกไฟล์,
— ไม่มีใบตัด,ฝ้ายิปซัม (ฉาบเรียบ ทาสีขาว),อุปกรณ์/สิ้นเปลือง,ฉากโอบ อลู 4หุน (เส้น 6ม.),,,70,เส้น,4,280,500×600 1 บาน,,,,ยังไม่ผูกไฟล์,
— ไม่มีใบตัด,ฝ้ายิปซัม (ฉาบเรียบ ทาสีขาว),อุปกรณ์/สิ้นเปลือง,ค่าแรง (ติดโครง+แผ่น+ฉาบ+ทาสี),,,280,ตร.ม.,30,8400,500×600 1 บาน,,,,ยังไม่ผูกไฟล์,
— ไม่มีใบตัด,ผนังสมาร์ทบอร์ด 12มม. (2 หน้า),อุปกรณ์/สิ้นเปลือง,แผ่นสมาร์ทบอร์ด 12มม. (2 หน้า),,,500,แผ่น,7,3500,300×270 1 บาน,,,,ยังไม่ผูกไฟล์,
— ไม่มีใบตัด,ผนังสมาร์ทบอร์ด 12มม. (2 หน้า),อุปกรณ์/สิ้นเปลือง,"โครงเหล็กกรอบ 1½×3"" (รอบ)",,,440,เส้น,2,880,300×270 1 บาน,,,,ยังไม่ผูกไฟล์,
— ไม่มีใบตัด,ผนังสมาร์ทบอร์ด 12มม. (2 หน้า),อุปกรณ์/สิ้นเปลือง,"ซีไลน์ 3"" เสาตั้ง (ดิ่ง) @0.60",,,62,เส้น,4,248,300×270 1 บาน,,,,ยังไม่ผูกไฟล์,
— ไม่มีใบตัด,ผนังสมาร์ทบอร์ด 12มม. (2 หน้า),อุปกรณ์/สิ้นเปลือง,"ซีไลน์ 3"" ถักนอน (ราบ) @0.40",,,62,เส้น,6,372,300×270 1 บาน,,,,ยังไม่ผูกไฟล์,
— ไม่มีใบตัด,ผนังสมาร์ทบอร์ด 12มม. (2 หน้า),อุปกรณ์/สิ้นเปลือง,"ฉนวน 3"" (60×120)",,,130,แผ่น,12,1560,300×270 1 บาน,,,,ยังไม่ผูกไฟล์,
— ไม่มีใบตัด,ผนังสมาร์ทบอร์ด 12มม. (2 หน้า),อุปกรณ์/สิ้นเปลือง,สกรูยึดแผ่น (2 หน้า),,,0.5,ตัว,243,121.5,300×270 1 บาน,,,,ยังไม่ผูกไฟล์,
— ไม่มีใบตัด,ผนังสมาร์ทบอร์ด 12มม. (2 หน้า),อุปกรณ์/สิ้นเปลือง,สกรูยึดโครง,,,0.5,ตัว,81,40.5,300×270 1 บาน,,,,ยังไม่ผูกไฟล์,
— ไม่มีใบตัด,ผนังสมาร์ทบอร์ด 12มม. (2 หน้า),อุปกรณ์/สิ้นเปลือง,ปูนฉาบรอยต่อ (2 หน้า),,,240,ถุง,1,240,300×270 1 บาน,,,,ยังไม่ผูกไฟล์,
— ไม่มีใบตัด,ผนังสมาร์ทบอร์ด 12มม. (2 หน้า),อุปกรณ์/สิ้นเปลือง,เทป/ตาข่าย (2 หน้า),,,70,ม้วน,1,70,300×270 1 บาน,,,,ยังไม่ผูกไฟล์,
— ไม่มีใบตัด,ผนังสมาร์ทบอร์ด 12มม. (2 หน้า),อุปกรณ์/สิ้นเปลือง,ค่าแรงผลิต,,,700,ตร.ม.,8.1,5670,300×270 1 บาน,,,,ยังไม่ผูกไฟล์,
— ไม่มีใบตัด,ผนังสมาร์ทบอร์ด 12มม. (2 หน้า),อุปกรณ์/สิ้นเปลือง,ค่าแรงติดตั้ง,,,400,ตร.ม.,8.1,3240,300×270 1 บาน,,,,ยังไม่ผูกไฟล์,
— ไม่มีใบตัด,ผนังไอโซวอล 100มม.,อุปกรณ์/สิ้นเปลือง,แผ่นไอโซวอล 100มม. (>2.4ม.),,,2520,แผ่น,3,7560,300×270 1 บาน,,,,ยังไม่ผูกไฟล์,
— ไม่มีใบตัด,ผนังไอโซวอล 100มม.,อุปกรณ์/สิ้นเปลือง,"กล่อง 1.6×4"" โครงรอบ (เส้น 6ม.)",,,1220,เส้น,2,2440,300×270 1 บาน,,,,ยังไม่ผูกไฟล์,
— ไม่มีใบตัด,ผนังไอโซวอล 100มม.,อุปกรณ์/สิ้นเปลือง,ฉาก 4หุน นอก+ใน (เส้น 6ม.),,,70,เส้น,4,280,300×270 1 บาน,,,,ยังไม่ผูกไฟล์,
— ไม่มีใบตัด,ผนังไอโซวอล 100มม.,อุปกรณ์/สิ้นเปลือง,สกรู/รีเวท + ยึด (เหมา),,,50,งาน,1,50,300×270 1 บาน,,,,ยังไม่ผูกไฟล์,
— ไม่มีใบตัด,ผนังไอโซวอล 100มม.,อุปกรณ์/สิ้นเปลือง,ซิลิโคน/ซีล,JR00221,,90,หลอด,4,360,300×270 1 บาน,,,,ยังไม่ผูกไฟล์,
— ไม่มีใบตัด,ผนังไอโซวอล 100มม.,อุปกรณ์/สิ้นเปลือง,ค่าแรงผลิต,,,700,ตร.ม.,8.1,5670,300×270 1 บาน,,,,ยังไม่ผูกไฟล์,
— ไม่มีใบตัด,ผนังไอโซวอล 100มม.,อุปกรณ์/สิ้นเปลือง,ค่าแรงติดตั้ง,,,440,ตร.ม.,8.1,3564,300×270 1 บาน,,,,ยังไม่ผูกไฟล์,
— ไม่มีใบตัด,ผนังอลูลูกฟูก (รวมโครง),อุปกรณ์/สิ้นเปลือง,"แผ่นอลูลูกฟูก (ต้นทุน ≈ ขาย R3.9 3,500 ÷2)",,,1750,ตร.ม.,8.1,14175,300×270 1 บาน,,,,ยังไม่ผูกไฟล์,
— ไม่มีใบตัด,ผนังอลูลูกฟูก (รวมโครง),อุปกรณ์/สิ้นเปลือง,"โครงเหล็กกรอบ 1½×3"" (รอบ)",,,440,เส้น,2,880,300×270 1 บาน,,,,ยังไม่ผูกไฟล์,
— ไม่มีใบตัด,ผนังอลูลูกฟูก (รวมโครง),อุปกรณ์/สิ้นเปลือง,"ซีไลน์ 3"" เสาตั้ง (ดิ่ง) @0.60",,,62,เส้น,4,248,300×270 1 บาน,,,,ยังไม่ผูกไฟล์,
— ไม่มีใบตัด,ผนังอลูลูกฟูก (รวมโครง),อุปกรณ์/สิ้นเปลือง,"ซีไลน์ 3"" ถักนอน (ราบ) @0.40",,,62,เส้น,6,372,300×270 1 บาน,,,,ยังไม่ผูกไฟล์,
— ไม่มีใบตัด,ผนังอลูลูกฟูก (รวมโครง),อุปกรณ์/สิ้นเปลือง,สกรู/รีเวท ยึดแผ่น+โครง,,,0.5,ตัว,162,81,300×270 1 บาน,,,,ยังไม่ผูกไฟล์,
— ไม่มีใบตัด,ผนังอลูลูกฟูก (รวมโครง),อุปกรณ์/สิ้นเปลือง,ค่าแรงผลิต,,,700,ตร.ม.,8.1,5670,300×270 1 บาน,,,,ยังไม่ผูกไฟล์,
— ไม่มีใบตัด,ผนังอลูลูกฟูก (รวมโครง),อุปกรณ์/สิ้นเปลือง,ค่าแรงติดตั้ง,,,400,ตร.ม.,8.1,3240,300×270 1 บาน,,,,ยังไม่ผูกไฟล์,
— ไม่มีใบตัด,ผนังคอมโพสิต (รวมโครง),อุปกรณ์/สิ้นเปลือง,"แผ่นคอมโพสิต 4มม. (ต้นทุน ≈ ขาย R3.9 4,000 ÷2)",,,2000,ตร.ม.,8.1,16200,300×270 1 บาน,,,,ยังไม่ผูกไฟล์,
— ไม่มีใบตัด,ผนังคอมโพสิต (รวมโครง),อุปกรณ์/สิ้นเปลือง,"โครงเหล็กกรอบ 1½×3"" (รอบ)",,,440,เส้น,2,880,300×270 1 บาน,,,,ยังไม่ผูกไฟล์,
— ไม่มีใบตัด,ผนังคอมโพสิต (รวมโครง),อุปกรณ์/สิ้นเปลือง,"ซีไลน์ 3"" เสาตั้ง (ดิ่ง) @0.60",,,62,เส้น,4,248,300×270 1 บาน,,,,ยังไม่ผูกไฟล์,
— ไม่มีใบตัด,ผนังคอมโพสิต (รวมโครง),อุปกรณ์/สิ้นเปลือง,"ซีไลน์ 3"" ถักนอน (ราบ) @0.40",,,62,เส้น,6,372,300×270 1 บาน,,,,ยังไม่ผูกไฟล์,
— ไม่มีใบตัด,ผนังคอมโพสิต (รวมโครง),อุปกรณ์/สิ้นเปลือง,สกรู/รีเวท ยึดแผ่น+โครง,,,0.5,ตัว,162,81,300×270 1 บาน,,,,ยังไม่ผูกไฟล์,
— ไม่มีใบตัด,ผนังคอมโพสิต (รวมโครง),อุปกรณ์/สิ้นเปลือง,ค่าแรงผลิต,,,700,ตร.ม.,8.1,5670,300×270 1 บาน,,,,ยังไม่ผูกไฟล์,
— ไม่มีใบตัด,ผนังคอมโพสิต (รวมโครง),อุปกรณ์/สิ้นเปลือง,ค่าแรงติดตั้ง,,,400,ตร.ม.,8.1,3240,300×270 1 บาน,,,,ยังไม่ผูกไฟล์,
— ไม่มีใบตัด,ฝ้าระแนงอลู 1×5 ซม. (โชว์ 1 เว้น 5),อุปกรณ์/สิ้นเปลือง,ใบระแนง (กล่อง 1X5),,,500,เส้น,34,17000,300×400 1 บาน,,,,ยังไม่ผูกไฟล์,
— ไม่มีใบตัด,ฝ้าระแนงอลู 1×5 ซม. (โชว์ 1 เว้น 5),อุปกรณ์/สิ้นเปลือง,ส่วนลดปริมาณ 5% (พื้นที่ 12 ตร.ม.),,,-1900,,1,-1900,300×400 1 บาน,,,,ยังไม่ผูกไฟล์,
— ไม่มีใบตัด,"ฝ้าระแนงอลู 1.6"" (โชว์ 1"" เว้น 5)",อุปกรณ์/สิ้นเปลือง,ใบระแนง (กล่อง 1X1.6),,,485,เส้น,27,13095,300×400 1 บาน,,,,ยังไม่ผูกไฟล์,
— ไม่มีใบตัด,"ฝ้าระแนงอลู 1.6"" (โชว์ 1"" เว้น 5)",อุปกรณ์/สิ้นเปลือง,ส่วนลดปริมาณ 5% (พื้นที่ 12 ตร.ม.),,,-1500,,1,-1500,300×400 1 บาน,,,,ยังไม่ผูกไฟล์,
— ไม่มีใบตัด,"ฝ้าระแนงอลู 1.6"" (โชว์ 1"" เว้น 2)",อุปกรณ์/สิ้นเปลือง,ใบระแนง (กล่อง 1X1.6),,,485,เส้น,45,21825,300×400 1 บาน,,,,ยังไม่ผูกไฟล์,
— ไม่มีใบตัด,"ฝ้าระแนงอลู 1.6"" (โชว์ 1"" เว้น 2)",อุปกรณ์/สิ้นเปลือง,ส่วนลดปริมาณ 5% (พื้นที่ 12 ตร.ม.),,,-2400,,1,-2400,300×400 1 บาน,,,,ยังไม่ผูกไฟล์,
— ไม่มีใบตัด,ฝ้าไม้เทียม / ฝ้าอลู,อุปกรณ์/สิ้นเปลือง,เส้นฝ้า (ตามรุ่น),,,420,หน่วย,24,10080,300×400 1 บาน,,,,ยังไม่ผูกไฟล์,
— ไม่มีใบตัด,ฝ้าไม้เทียม / ฝ้าอลู,อุปกรณ์/สิ้นเปลือง,ขาจับฝ้า (ไม้ทิพย์),,,190,เส้น,12,2280,300×400 1 บาน,,,,ยังไม่ผูกไฟล์,
— ไม่มีใบตัด,ฝ้าไม้เทียม / ฝ้าอลู,อุปกรณ์/สิ้นเปลือง,ฉากเก็บขอบรอบ,,,70,เส้น,3,210,300×400 1 บาน,,,,ยังไม่ผูกไฟล์,
— ไม่มีใบตัด,ฝ้าไม้เทียม / ฝ้าอลู,อุปกรณ์/สิ้นเปลือง,โครงซีไลน์ (มาตรฐาน @1.2),,,50,เส้น,4,200,300×400 1 บาน,,,,ยังไม่ผูกไฟล์,
— ไม่มีใบตัด,ฝ้าไม้เทียม / ฝ้าอลู,อุปกรณ์/สิ้นเปลือง,ค่าแรง (ผลิต+ติดตั้ง),,,352,ตร.ม.,12,4224,300×400 1 บาน,,,,ยังไม่ผูกไฟล์,
— ไม่มีใบตัด,มุ้งเฟรมเล็ก,อุปกรณ์/สิ้นเปลือง,เสา (เส้น 6ม.),,,625,เส้น,3,1875,600×300 3 บาน,,,,ยังไม่ผูกไฟล์,
— ไม่มีใบตัด,มุ้งเฟรมเล็ก,อุปกรณ์/สิ้นเปลือง,ขวาง (เส้น 6ม.),,,625,เส้น,2,1250,600×300 3 บาน,,,,ยังไม่ผูกไฟล์,
— ไม่มีใบตัด,มุ้งเฟรมเล็ก,อุปกรณ์/สิ้นเปลือง,ยางอัด (ม.),,,5,ม.,30,150,600×300 3 บาน,,,,ยังไม่ผูกไฟล์,
— ไม่มีใบตัด,มุ้งเฟรมเล็ก,อุปกรณ์/สิ้นเปลือง,ผ้ามุ้ง ไฟเบอร์,,,23,ตร.ม.,18,414,600×300 3 บาน,,,,ยังไม่ผูกไฟล์,
— ไม่มีใบตัด,มุ้งเฟรมใหญ่,อุปกรณ์/สิ้นเปลือง,เสากุญแจบาน 20051 (เส้น 6ม.),JR00256,,885,เส้น,3,2655,600×300 3 บาน,,,,ยังไม่ผูกไฟล์,
— ไม่มีใบตัด,มุ้งเฟรมใหญ่,อุปกรณ์/สิ้นเปลือง,ขวาง 20051 (เส้น 6ม.),,,885,เส้น,2,1770,600×300 3 บาน,,,,ยังไม่ผูกไฟล์,
— ไม่มีใบตัด,มุ้งเฟรมใหญ่,อุปกรณ์/สิ้นเปลือง,ยางอัด (ม.),,,5,ม.,30,150,600×300 3 บาน,,,,ยังไม่ผูกไฟล์,
— ไม่มีใบตัด,มุ้งเฟรมใหญ่,อุปกรณ์/สิ้นเปลือง,ผ้ามุ้ง ไฟเบอร์,,,23,ตร.ม.,18,414,600×300 3 บาน,,,,ยังไม่ผูกไฟล์,
— ไม่มีใบตัด,มุ้งจีบ / ม้วน / รังผึ้ง,อุปกรณ์/สิ้นเปลือง,มุ้งจีบ / ม้วน / รังผึ้ง มุ้งจีบ,,,1179,ตร.ม.,4.8,5659.2,200×240 1 บาน,,,,ยังไม่ผูกไฟล์,
— ไม่มีใบตัด,ตู้อลูมิเนียม,อุปกรณ์/สิ้นเปลือง,บานหน้า Future Tech · เลื่อน · สีดำ · 2 บาน,,,6610,บาน,2,13220,120×240 2 บาน,,,,ยังไม่ผูกไฟล์,
— ไม่มีใบตัด,ตู้อลูมิเนียม,อุปกรณ์/สิ้นเปลือง,ผนังตู้ ซ้าย (อลูทึบ),,,1383,ตร.ม.,1.44,1991.52,120×240 2 บาน,,,,ยังไม่ผูกไฟล์,
— ไม่มีใบตัด,ตู้อลูมิเนียม,อุปกรณ์/สิ้นเปลือง,ผนังตู้ ขวา (อลูทึบ),,,1383,ตร.ม.,1.44,1991.52,120×240 2 บาน,,,,ยังไม่ผูกไฟล์,
— ไม่มีใบตัด,ตู้อลูมิเนียม,อุปกรณ์/สิ้นเปลือง,ชั้นวาง อลู 6 ชั้น (ลึก 0.6×กว้าง 1.2 ม.),,,1416,ตร.ม.,4.32,6117.12,120×240 2 บาน,,,,ยังไม่ผูกไฟล์,
— ไม่มีใบตัด,ฝาตู้ Future Tech (เฉพาะบานหน้า),กระจก,กระจก ใส 5มม.,,,205,ตร.ม.,2.88,590.4,120×240 2 บาน,,,,ยังไม่ผูกไฟล์,
— ไม่มีใบตัด,ฝาตู้ Future Tech (เฉพาะบานหน้า),อุปกรณ์/สิ้นเปลือง,เฟรม (บน+ล่าง+ข้าง) อบขาว/ดำ,JR00245,,975,เส้น6ม,1.2,1170,120×240 2 บาน,,,,ยังไม่ผูกไฟล์,
— ไม่มีใบตัด,ฝาตู้ Future Tech (เฉพาะบานหน้า),อุปกรณ์/สิ้นเปลือง,เสามือจับ อบขาว/ดำ,JR00230,,1500,เส้น6ม,0.8,1200,120×240 2 บาน,,,,ยังไม่ผูกไฟล์,
— ไม่มีใบตัด,ฝาตู้ Future Tech (เฉพาะบานหน้า),อุปกรณ์/สิ้นเปลือง,ฉากประกอบมุม,JR00200,,12,ชิ้น,8,96,120×240 2 บาน,,,,ยังไม่ผูกไฟล์,
— ไม่มีใบตัด,ฝาตู้ Future Tech (เฉพาะบานหน้า),อุปกรณ์/สิ้นเปลือง,สกรู (8/บาน),JR00224,,0.5,ตัว,16,8,120×240 2 บาน,,,,ยังไม่ผูกไฟล์,
— ไม่มีใบตัด,ฝาตู้ Future Tech (เฉพาะบานหน้า),อุปกรณ์/สิ้นเปลือง,ชุดล้อ (4ล้อ),JR00214,,100,ชุด,2,200,120×240 2 บาน,,,,ยังไม่ผูกไฟล์,
— ไม่มีใบตัด,ฝาตู้ Future Tech (เฉพาะบานหน้า),อุปกรณ์/สิ้นเปลือง,รางยู,JR00270,,180,เส้น6ม,0.4,72,120×240 2 บาน,,,,ยังไม่ผูกไฟล์,
— ไม่มีใบตัด,ฝาตู้ Future Tech (เฉพาะบานหน้า),อุปกรณ์/สิ้นเปลือง,ค่ากรีดราง,JR00202,,800,ม.,2.4,1920,120×240 2 บาน,,,,ยังไม่ผูกไฟล์,
— ไม่มีใบตัด,ฝาตู้ Future Tech (เฉพาะบานหน้า),อุปกรณ์/สิ้นเปลือง,ค่าแรง (ผลิต+ติดตั้ง),,,87.5,ชม.,24,2100,120×240 2 บาน,,,,ยังไม่ผูกไฟล์,
— ไม่ต้องทำ,ฝาตู้ Future Tech (เฉพาะบานหน้า),อุปกรณ์ (ไม่ได้ใช้),เฟรม (บน+ล่าง+ข้าง) สีชุบ,JR00193,,875,เส้น6ม,0,0,120×240 2 บาน,,,,ไม่ได้ใช้ที่ขนาดนี้,
— ไม่ต้องทำ,ฝาตู้ Future Tech (เฉพาะบานหน้า),อุปกรณ์ (ไม่ได้ใช้),เสามือจับ สีชุบ,JR00199,,1015,เส้น6ม,0,0,120×240 2 บาน,,,,ไม่ได้ใช้ที่ขนาดนี้,
— ไม่มีใบตัด,ห้องอาบน้ำ Shower (กระจกเทมเปอร์),กระจก,กระจก เทมเปอร์ใส 10มม.,,,695,ตร.ม.,1.2,834,60×200 1 บาน,,,,ยังไม่ผูกไฟล์,
— ไม่มีใบตัด,ห้องอาบน้ำ Shower (กระจกเทมเปอร์),อุปกรณ์/สิ้นเปลือง,ยูจับกระจก,JR00275,,200,ตัว,4,800,60×200 1 บาน,,,,ยังไม่ผูกไฟล์,
— ไม่มีใบตัด,ห้องอาบน้ำ Shower (กระจกเทมเปอร์),อุปกรณ์/สิ้นเปลือง,บานพับสแตนเลส,JR00248,,1450,ตัว,2,2900,60×200 1 บาน,,,,ยังไม่ผูกไฟล์,
— ไม่มีใบตัด,ห้องอาบน้ำ Shower (กระจกเทมเปอร์),อุปกรณ์/สิ้นเปลือง,ยางปิดหน้าบาน,JR00238,,150,เส้น,1,150,60×200 1 บาน,,,,ยังไม่ผูกไฟล์,
— ไม่มีใบตัด,ห้องอาบน้ำ Shower (กระจกเทมเปอร์),อุปกรณ์/สิ้นเปลือง,มือจับสแตนเลส,JR00274,,1500,ตัว,1,1500,60×200 1 บาน,,,,ยังไม่ผูกไฟล์,
— ไม่มีใบตัด,ห้องอาบน้ำ Shower (กระจกเทมเปอร์),อุปกรณ์/สิ้นเปลือง,ค่าแรงติดตั้ง,,,87.5,ชม.,6,525,60×200 1 บาน,,,,ยังไม่ผูกไฟล์,
— ไม่ต้องทำ,ห้องอาบน้ำ Shower (กระจกเทมเปอร์),อุปกรณ์ (ไม่ได้ใช้),ราวสแตนเลสกลม,JR00272,,430,เส้น6ม,0,0,60×200 1 บาน,,,,ไม่ได้ใช้ที่ขนาดนี้,
— ไม่ต้องทำ,ห้องอาบน้ำ Shower (กระจกเทมเปอร์),อุปกรณ์ (ไม่ได้ใช้),ตัวจับกระจกคู่ราว,JR00225,,175,ตัว,0,0,60×200 1 บาน,,,,ไม่ได้ใช้ที่ขนาดนี้,
— ไม่ต้องทำ,ห้องอาบน้ำ Shower (กระจกเทมเปอร์),อุปกรณ์ (ไม่ได้ใช้),รางสแตนเลสเลื่อน,JR00194,,3500,เส้น6ม,0,0,60×200 1 บาน,,,,ไม่ได้ใช้ที่ขนาดนี้,
— ไม่ต้องทำ,ห้องอาบน้ำ Shower (กระจกเทมเปอร์),อุปกรณ์ (ไม่ได้ใช้),ยู5หุนอลู (รอบแผ่น),JR00210,,200,เส้น6ม,0,0,60×200 1 บาน,,,,ไม่ได้ใช้ที่ขนาดนี้,
— ไม่มีใบตัด,บานเปลือย (ติดตาย/สวิง/เลื่อน),กระจก,กระจก เทมเปอร์ 10มม.,,,848,ตร.ม.,2.2,1865.6,100×220 1 บาน,,,,ยังไม่ผูกไฟล์,
— ไม่มีใบตัด,บานเปลือย (ติดตาย/สวิง/เลื่อน),อุปกรณ์/สิ้นเปลือง,โช้ค+จุดหมุน (สวิง),JR00223,,2330,ชุด,1,2330,100×220 1 บาน,,,,ยังไม่ผูกไฟล์,
— ไม่มีใบตัด,บานเปลือย (ติดตาย/สวิง/เลื่อน),อุปกรณ์/สิ้นเปลือง,มือจับ,JR00251,,1500,ตัว,1,1500,100×220 1 บาน,,,,ยังไม่ผูกไฟล์,
— ไม่มีใบตัด,บานเปลือย (ติดตาย/สวิง/เลื่อน),อุปกรณ์/สิ้นเปลือง,ล็อค,JR00231,,1200,ชุด,1,1200,100×220 1 บาน,,,,ยังไม่ผูกไฟล์,
— ไม่ต้องทำ,บานเปลือย (ติดตาย/สวิง/เลื่อน),อุปกรณ์ (ไม่ได้ใช้),ชุดล้อ+ราง (เลื่อน),JR00201,,3600,ชุด,0,0,100×220 1 บาน,,,,ไม่ได้ใช้ที่ขนาดนี้,
— ไม่มีใบตัด,บานหมุน (Pivot),อลูมิเนียม,วงกบ 3 ด้าน F7859,F7859,,1049.1,เส้น,1,1049.1,150×200 1 บาน,,,,ยังไม่ผูกไฟล์,
— ไม่มีใบตัด,บานหมุน (Pivot),อลูมิเนียม,ธรณี F7938B,F7938B,,1530,เส้น,1,1530,150×200 1 บาน,,,,ยังไม่ผูกไฟล์,
— ไม่มีใบตัด,บานหมุน (Pivot),อลูมิเนียม,ตบธรณี F7960,F7960,,571.5,เส้น,1,571.5,150×200 1 บาน,,,,ยังไม่ผูกไฟล์,
— ไม่มีใบตัด,บานหมุน (Pivot),อลูมิเนียม,กรอบประตู 7864,F7864,,1995,เส้น,1,3990,150×200 1 บาน,,,,ยังไม่ผูกไฟล์,
— ไม่มีใบตัด,บานหมุน (Pivot),อลูมิเนียม,คิ้ว F7935,F7935,,453.3,เส้น,1,906.6,150×200 1 บาน,,,,ยังไม่ผูกไฟล์,
— ไม่มีใบตัด,บานหมุน (Pivot),กระจก,กระจก เขียว 6มม.,,,264,ตร.ม.,3,792,150×200 1 บาน,,,,ยังไม่ผูกไฟล์,
— ไม่มีใบตัด,บานหมุน (Pivot),อุปกรณ์/สิ้นเปลือง,จุดหมุน (2 ตัว/บาน),JR00269,,450,ชุด,2,900,150×200 1 บาน,,,,ยังไม่ผูกไฟล์,
— ไม่มีใบตัด,บานหมุน (Pivot),อุปกรณ์/สิ้นเปลือง,มือจับ+ล็อค ใบหลัก,JR00233,,1045,ชุด,1,1045,150×200 1 บาน,,,,ยังไม่ผูกไฟล์,
— ไม่มีใบตัด,บานหมุน (Pivot),อุปกรณ์/สิ้นเปลือง,น็อตเฟรม,JR00212,,1,ตัว,8,8,150×200 1 บาน,,,,ยังไม่ผูกไฟล์,
— ไม่มีใบตัด,บานหมุน (Pivot),อุปกรณ์/สิ้นเปลือง,ยาง,JR00244,,11,ม.,7,77,150×200 1 บาน,,,,ยังไม่ผูกไฟล์,
— ไม่มีใบตัด,บานหมุน (Pivot),อุปกรณ์/สิ้นเปลือง,ซิลิโคน,JR00504,,90,หลอด,2,180,150×200 1 บาน,,,,ยังไม่ผูกไฟล์,
— ไม่ต้องทำ,บานหมุน (Pivot),อลูมิเนียม (ไม่ได้ใช้),เสริมใต้บาน F7863,F7863,,435,,0,0,150×200 1 บาน,,,,ไม่ได้ใช้ที่ขนาดนี้,
— ไม่ต้องทำ,บานหมุน (Pivot),อลูมิเนียม (ไม่ได้ใช้),เปิดกลาง F7945c,F7945C,,775,,0,0,150×200 1 บาน,,,,ไม่ได้ใช้ที่ขนาดนี้,
— ไม่ต้องทำ,บานหมุน (Pivot),อุปกรณ์ (ไม่ได้ใช้),ชุดกลอน ใบลอง,JR00195,,450,ชุด,0,0,150×200 1 บาน,,,,ไม่ได้ใช้ที่ขนาดนี้,
✓ ผ่าน,บานเฟี้ยมยก,อลูมิเนียม,F7968 เฟรมข้าง (เดิมเฟรมบน),F7968,,3262,เส้น,2,3262,200×120 2 บาน,F7968,2,ชิ้น,ตรง,JR_เฟี้ยมยก
✓ ผ่าน,บานเฟี้ยมยก,อลูมิเนียม,F7969 เฟรมล่าง,F7969,,1797.3,เส้น,1,1797.3,200×120 2 บาน,F7969,1,ชิ้น,ตรง,JR_เฟี้ยมยก
✓ ผ่าน,บานเฟี้ยมยก,อลูมิเนียม,F7970 เฟรมบน (เดิมเฟรมข้าง),F7970,,1106.5,เส้น,1,1106.5,200×120 2 บาน,F7970,1,ชิ้น,ตรง,JR_เฟี้ยมยก
✓ ผ่าน,บานเฟี้ยมยก,อลูมิเนียม,F7971 คิ้วเฟรมบน,F7971,,520,เส้น,1,520,200×120 2 บาน,F7971,1,ชิ้น,ตรง,JR_เฟี้ยมยก
✓ ผ่าน,บานเฟี้ยมยก,อลูมิเนียม,F7973 ตบปิดเฟรม ตั้ง (ข้าง) + F7973 ตบปิดเฟรม นอน (ล่าง),F7973,,239,เส้น,3,239,200×120 2 บาน,F7973,3,ชิ้น,ตรง,JR_เฟี้ยมยก
✓ ผ่าน,บานเฟี้ยมยก,อลูมิเนียม,F7972 กรอบบาน ตั้ง + F7972 กรอบบาน นอน,F7972,,1735,เส้น,8,3470,200×120 2 บาน,F7972,8,ชิ้น,ตรง,JR_เฟี้ยมยก
✓ ผ่าน,บานเฟี้ยมยก,อลูมิเนียม,F7935 คิ้วกระจก ตั้ง + F7935 คิ้วกระจก นอน,F7935,,453.3,เส้น,8,906.6,200×120 2 บาน,F7935,8,ชิ้น,ตรง,JR_เฟี้ยมยก
— ไม่ต้องทำ,บานเฟี้ยมยก,กระจก,กระจก เขียว 6มม.,,,264,ตร.ม.,1.5,395.49,200×120 2 บาน,,,,ใบตัดไม่มีรายการนี้,JR_เฟี้ยมยก
✓ ผ่าน,บานเฟี้ยมยก,อุปกรณ์/สิ้นเปลือง,HD-640 บานพับล้อบน,HD-640,,299,ตัว,1,299,200×120 2 บาน,HD-640,1,ตัว,ตรง,JR_เฟี้ยมยก
✓ ผ่าน,บานเฟี้ยมยก,อุปกรณ์/สิ้นเปลือง,HD-641 บานพับเฟี้ยม,HD-641,,72,ตัว,7,504,200×120 2 บาน,HD-641,7,ตัว,ตรง,JR_เฟี้ยมยก
✓ ผ่าน,บานเฟี้ยมยก,อุปกรณ์/สิ้นเปลือง,HD-642 บานพับมือจับ,HD-642,,109,ตัว,1,109,200×120 2 บาน,HD-642,1,ตัว,ตรง,JR_เฟี้ยมยก
✓ ผ่าน,บานเฟี้ยมยก,อุปกรณ์/สิ้นเปลือง,HD-643 บานพับไกด์ล่าง,HD-643,,199,ตัว,1,199,200×120 2 บาน,HD-643,1,ตัว,ตรง,JR_เฟี้ยมยก
✓ ผ่าน,บานเฟี้ยมยก,อุปกรณ์/สิ้นเปลือง,HD-474 มือจับกลอน,JR00213,,85,ตัว,1,85,200×120 2 บาน,JR00213,1,ตัว,ตรง,JR_เฟี้ยมยก
✓ ผ่าน,บานเฟี้ยมยก,อุปกรณ์/สิ้นเปลือง,HD-312 ตลับกลอนล็อค,HD-312,,88,ตัว,1,88,200×120 2 บาน,HD-312,1,ตัว,ตรง,JR_เฟี้ยมยก
✓ ผ่าน,บานเฟี้ยมยก,อุปกรณ์/สิ้นเปลือง,HD-1180 ก้านสไลด์,HD-1180,,73,ตัว,2,146,200×120 2 บาน,HD-1180,2,ตัว,ตรง,JR_เฟี้ยมยก
✓ ผ่าน,บานเฟี้ยมยก,อุปกรณ์/สิ้นเปลือง,HD-213 ฉากเข้ามุม,HD-213,,15,ตัว,8,120,200×120 2 บาน,HD-213,8,ตัว,ตรง,JR_เฟี้ยมยก
✓ ผ่าน,บานเฟี้ยมยก,อุปกรณ์/สิ้นเปลือง,HD-200 ฉากประคองมุม,HD-200,,1.5,ตัว,24,36,200×120 2 บาน,HD-200,24,ตัว,ตรง,JR_เฟี้ยมยก
✓ ผ่าน,บานเฟี้ยมยก,อุปกรณ์/สิ้นเปลือง,ยางอัด,JR00768,,8,ม.,8.7,69.6,200×120 2 บาน,JR00768,8.7,ม.,ตรง,JR_เฟี้ยมยก
✓ ผ่าน,บานเฟี้ยมยก,อุปกรณ์/สิ้นเปลือง,ยางรอง,JR00769,,8,ม.,8.7,69.6,200×120 2 บาน,JR00769,8.7,ม.,ตรง,JR_เฟี้ยมยก
✓ ผ่าน,บานเฟี้ยมยก,อุปกรณ์/สิ้นเปลือง,ยางลูกโป่ง 6mm,JR00770,,7,ม.,9.74,68.18,200×120 2 บาน,JR00770,9.74,ม.,ตรง,JR_เฟี้ยมยก
🔴 ต้องแก้,บานโซลิด,อลูมิเนียม,วงกบ 3 ด้าน F7859,F7859,,1049.1,เส้น,1,1049.1,150×200 1 บาน,F7859,3,ชิ้น,จำนวนต่าง,JR_บานโซลิด_3
✓ ผ่าน,บานโซลิด,อลูมิเนียม,ธรณี F7938B,F7938B,,1530,เส้น,1,1530,150×200 1 บาน,F7938B,1,ชิ้น,ตรง,JR_บานโซลิด_3
✓ ผ่าน,บานโซลิด,อลูมิเนียม,ตบธรณี F7960,F7960,,571.5,เส้น,1,571.5,150×200 1 บาน,F7960,1,ชิ้น,ตรง,JR_บานโซลิด_3
— ไม่ต้องทำ,บานโซลิด,อลูมิเนียม,กรอบประตู 7864,F7864,,1995,เส้น,1,3990,150×200 1 บาน,,,,ใบตัดไม่มีรายการนี้,JR_บานโซลิด_3
🔴 ต้องแก้,บานโซลิด,อลูมิเนียม,คิ้ว F7935,F7935,,453.3,เส้น,1,906.6,150×200 1 บาน,F7935,4,ชิ้น,จำนวนต่าง,JR_บานโซลิด_3
✓ ผ่าน,บานโซลิด,อุปกรณ์/สิ้นเปลือง,บานพับ hyda,JR00489,,117,ตัว,5,585,150×200 1 บาน,JR00489,5,ตัว,ตรง,JR_บานโซลิด_3
✓ ผ่าน,บานโซลิด,อุปกรณ์/สิ้นเปลือง,มือจับ ล็อค+กุญแจ (คิงโบ),JR00315,,330,ชุด,1,330,150×200 1 บาน,JR00315,1,ชุด,ตรง,JR_บานโซลิด_3
✓ ผ่าน,บานโซลิด,อุปกรณ์/สิ้นเปลือง,ตลับกุญแจไฮด้า,JR00551,,180,ตัว,1,180,150×200 1 บาน,JR00551,1,ตัว,ตรง,JR_บานโซลิด_3
✓ ผ่าน,บานโซลิด,อุปกรณ์/สิ้นเปลือง,ไส้กุญแจ,JR00499,,400,ตัว,1,400,150×200 1 บาน,JR00499,1,ตัว,ตรง,JR_บานโซลิด_3
✓ ผ่าน,บานโซลิด,อุปกรณ์/สิ้นเปลือง,แผ่นรับล็อค,JR00562,,62,ชุด,1,62,150×200 1 บาน,JR00562,1,ชุด,ตรง,JR_บานโซลิด_3
✓ ผ่าน,บานโซลิด,อุปกรณ์/สิ้นเปลือง,สปิงก็อท,JR00592,,29,ตัว,4,116,150×200 1 บาน,JR00592,4,ตัว,ตรง,JR_บานโซลิด_3
✓ ผ่าน,บานโซลิด,อุปกรณ์/สิ้นเปลือง,ฉากประคองมุม,JR00267,,1.5,ตัว,8,12,150×200 1 บาน,JR00267,8,ตัว,ตรง,JR_บานโซลิด_3
✓ ผ่าน,บานโซลิด,อุปกรณ์/สิ้นเปลือง,"น็อตเฟรม 1""",JR00864,,1,ตัว,8,8,150×200 1 บาน,JR00864,8,ตัว,ตรง,JR_บานโซลิด_3
— ไม่ต้องทำ,บานโซลิด,อุปกรณ์/สิ้นเปลือง,ลูกฟูก2ทาง 2 ฝั่ง,JR00249,,432,เส้น,10,4320,150×200 1 บาน,,,,ใบตัดไม่มีรายการนี้,JR_บานโซลิด_3
— ไม่ต้องทำ,บานโซลิด,อุปกรณ์/สิ้นเปลือง,เส้นคาดตาราง 2 ฝั่ง,JR00263,,140,เส้น,23,3220,150×200 1 บาน,,,,ใบตัดไม่มีรายการนี้,JR_บานโซลิด_3
🔴 ต้องแก้,บานโซลิด,อุปกรณ์/สิ้นเปลือง,ยางกรอบบาน + ยางวงกบ,JR00771,,11,ม.,13,143,150×200 1 บาน,JR00771,14,เมตร,จำนวนต่าง,JR_บานโซลิด_3
— ไม่ต้องทำ,บานโซลิด,อุปกรณ์/สิ้นเปลือง,ซิลิโคน,JR00504,,90,หลอด,2,180,150×200 1 บาน,,,,ใบตัดไม่มีรายการนี้,JR_บานโซลิด_3
🟠 ต้องเติม,บานโซลิด,มีแต่ในใบตัด (อลู),กรอบบานตั้ง 7864,7864,,,ชิ้น,,,150×200 1 บาน,7864,4,ชิ้น,คิดราคาไม่มีรายการนี้,JR_บานโซลิด_3
— ไม่ต้องทำ,บานโซลิด,อลูมิเนียม (ไม่ได้ใช้),เสริมใต้บาน F7863,F7863,,435,,0,0,150×200 1 บาน,,,,ไม่ได้ใช้ที่ขนาดนี้,JR_บานโซลิด_3
— ไม่ต้องทำ,บานโซลิด,อลูมิเนียม (ไม่ได้ใช้),เปิดกลาง F7945c,F7945C,,775,,0,0,150×200 1 บาน,,,,ไม่ได้ใช้ที่ขนาดนี้,JR_บานโซลิด_3
— ไม่ต้องทำ,บานโซลิด,อุปกรณ์ (ไม่ได้ใช้),ชุดกลอน ใบลอง,JR00195,,450,ชุด,0,0,150×200 1 บาน,,,,ไม่ได้ใช้ที่ขนาดนี้,JR_บานโซลิด_3
— ไม่มีใบตัด,บานสำเร็จ YKK,อุปกรณ์/สิ้นเปลือง,บานสำเร็จ YKK Ventilation,,,17500,ตร.ม.,2.4,42000,120×200 1 บาน,,,,ยังไม่ผูกไฟล์,
— ไม่มีใบตัด,ม่านซิป (Zip Screen กันลม),อุปกรณ์/สิ้นเปลือง,ผ้า+โครง Z100 · ผ้า 5 (7.2 ตร.ม.),,,1680,ตร.ม.,7.2,12096,300×240 1 บาน,,,,ยังไม่ผูกไฟล์,
— ไม่มีใบตัด,ม่านซิป (Zip Screen กันลม),อุปกรณ์/สิ้นเปลือง,มอเตอร์ Dooya AM45 (มาตรฐาน),,,3000,ชุด,1,3000,300×240 1 บาน,,,,ยังไม่ผูกไฟล์,
— ไม่มีใบตัด,ม่านซิป (Zip Screen กันลม),อุปกรณ์/สิ้นเปลือง,รีโมท 1 ตัว,,,300,ตัว,1,300,300×240 1 บาน,,,,ยังไม่ผูกไฟล์,
