รุ่น,หมวด,ชื่อรายการ,รหัสสโตร์,มีรหัสไหม,ราคา/หน่วย,หน่วย,จำนวน,ยอดเงิน,ขนาดที่ใช้คิด,รหัสในใบตัด,จำนวนในใบตัด,ตรงกันไหม,ไฟล์ตัดประกอบ
บานเลื่อน ยูโร,อลูมิเนียม,เสา,F7980,มี,1423.3,เส้น,3.65625,5203.94,600×300 3 บาน,,,ใบตัดไม่มีรายการนี้,JR_FUJI_บานเลื่อน
บานเลื่อน ยูโร,อลูมิเนียม,ขวาง,F7980,มี,1423.3,เส้น,2.4375,3469.29,600×300 3 บาน,,,ใบตัดไม่มีรายการนี้,JR_FUJI_บานเลื่อน
บานเลื่อน ยูโร,อลูมิเนียม,คิ้ว ตั้ง,F7919,มี,192.2,เส้น,3.65625,702.73,600×300 3 บาน,,,ใบตัดไม่มีรายการนี้,JR_FUJI_บานเลื่อน
บานเลื่อน ยูโร,อลูมิเนียม,คิ้ว ขวาง,F7919,มี,192.2,เส้น,2.4375,468.49,600×300 3 บาน,,,ใบตัดไม่มีรายการนี้,JR_FUJI_บานเลื่อน
บานเลื่อน ยูโร,อลูมิเนียม,เฟรมบน,F7869,มี,2623.2,เส้น,1.21875,3197.02,600×300 3 บาน,,,ใบตัดไม่มีรายการนี้,JR_FUJI_บานเลื่อน
บานเลื่อน ยูโร,อลูมิเนียม,เฟรมล่างกันน้ำ (งานนอก),F7869,มี,2623.2,เส้น,1.21875,3197.02,600×300 3 บาน,,,ใบตัดไม่มีรายการนี้,JR_FUJI_บานเลื่อน
บานเลื่อน ยูโร,อลูมิเนียม,เฟรมข้าง,F7978,มี,914.2,เส้น,1.21875,1114.18,600×300 3 บาน,,,ใบตัดไม่มีรายการนี้,JR_FUJI_บานเลื่อน
บานเลื่อน ยูโร,อลูมิเนียม,เดือย (ยูข้าง),F7986,มี,192.6,เส้น,1.21875,234.73,600×300 3 บาน,,,ใบตัดไม่มีรายการนี้,JR_FUJI_บานเลื่อน
บานเลื่อน ยูโร,อลูมิเนียม,ตบเกี่ยว,F7983,มี,472.7,เส้น,2.4375,1152.21,600×300 3 บาน,,,ใบตัดไม่มีรายการนี้,JR_FUJI_บานเลื่อน
บานเลื่อน ยูโร,อลูมิเนียม,เสารับแรง (สูงเกิน 2.6 ม.),F7951,มี,2036.2,เส้น,2.4375,4963.24,600×300 3 บาน,,,ใบตัดไม่มีรายการนี้,JR_FUJI_บานเลื่อน
บานเลื่อน ยูโร,อลูมิเนียม,ตบยูข้าง (F7988),F7988,มี,70.5,เส้น,1.21875,85.92,600×300 3 บาน,,,ใบตัดไม่มีรายการนี้,JR_FUJI_บานเลื่อน
บานเลื่อน ยูโร,อลูมิเนียม,ปิดตบเกี่ยว (F7988),F7988,มี,70.5,เส้น,2.4375,171.84,600×300 3 บาน,,,ใบตัดไม่มีรายการนี้,JR_FUJI_บานเลื่อน
บานเลื่อน ยูโร,อลูมิเนียม,ตบกันสาด#2 (F7988),F7988,มี,70.5,เส้น,1.21875,85.92,600×300 3 บาน,,,ใบตัดไม่มีรายการนี้,JR_FUJI_บานเลื่อน
บานเลื่อน ยูโร,อลูมิเนียม,ตบปิดราง F7993,F7993,มี,95,เส้น,3.65625,347.34,600×300 3 บาน,,,ใบตัดไม่มีรายการนี้,JR_FUJI_บานเลื่อน
บานเลื่อน ยูโร,อลูมิเนียม,ตบราง F7994,F7994,มี,135,เส้น,3.65625,493.59,600×300 3 บาน,,,ใบตัดไม่มีรายการนี้,JR_FUJI_บานเลื่อน
บานเลื่อน ยูโร,อลูมิเนียม,ตบปิดร่องบน (ตบกันสาด),F7992,มี,509,เส้น,1.21875,620.34,600×300 3 บาน,,,ใบตัดไม่มีรายการนี้,JR_FUJI_บานเลื่อน
บานเลื่อน ยูโร,กระจก,กระจก เขียว 6มม.,,ยังไม่มี,264,ตร.ม.,18.6,4910.4,600×300 3 บาน,,,ใบตัดไม่มีรายการนี้,JR_FUJI_บานเลื่อน
บานเลื่อน ยูโร,อุปกรณ์/สิ้นเปลือง,ล้อ-15x20x230 (2/บาน),JR00577,มี,80,ตัว,6,480,600×300 3 บาน,JR00577,4,ตรง,JR_FUJI_บานเลื่อน
บานเลื่อน ยูโร,อุปกรณ์/สิ้นเปลือง,มือจับ Align (2/บาน),JR00378,มี,99,ตัว,4,396,600×300 3 บาน,,,ใบตัดไม่มีรายการนี้,JR_FUJI_บานเลื่อน
บานเลื่อน ยูโร,อุปกรณ์/สิ้นเปลือง,ชุดล็อค,JR00246,มี,189,ชุด,2,378,600×300 3 บาน,,,ใบตัดไม่มีรายการนี้,JR_FUJI_บานเลื่อน
บานเลื่อน ยูโร,อุปกรณ์/สิ้นเปลือง,ฉากประกอบมุม (12/บาน),JR00480,มี,2,ตัว,36,72,600×300 3 บาน,JR00480,24,ตรง,JR_FUJI_บานเลื่อน
บานเลื่อน ยูโร,อุปกรณ์/สิ้นเปลือง,สปิงก็อท (4/บาน),JR00592,มี,29,ตัว,12,348,600×300 3 บาน,JR00592,8,ตรง,JR_FUJI_บานเลื่อน
บานเลื่อน ยูโร,อุปกรณ์/สิ้นเปลือง,ยางรูน้ำ,JR00589,มี,5,อัน,11,55,600×300 3 บาน,JR00589,11,ตรง,JR_FUJI_บานเลื่อน
บานเลื่อน ยูโร,อุปกรณ์/สิ้นเปลือง,วาวรูน้ำ,JR00485,มี,5,อัน,11,55,600×300 3 บาน,JR00485,11,ตรง,JR_FUJI_บานเลื่อน
บานเลื่อน ยูโร,อุปกรณ์/สิ้นเปลือง,สักหลาด,JR00794,มี,1.5,ม.,96,144,600×300 3 บาน,,,ใบตัดไม่มีรายการนี้,JR_FUJI_บานเลื่อน
บานเลื่อน ยูโร,อุปกรณ์/สิ้นเปลือง,น็อต,JR00864,มี,1,ตัว,20,20,600×300 3 บาน,JR00864,16,ตรง,JR_FUJI_บานเลื่อน
บานเลื่อน ยูโร,อุปกรณ์/สิ้นเปลือง,ซิลิโคน,JR00504,มี,90,หลอด,3,270,600×300 3 บาน,JR00504,3,ตรง,JR_FUJI_บานเลื่อน
บานเลื่อน ยูโร,มีแต่ในใบตัด,มือจับ กุญแจ (Align),,ยังไม่มี,,ชุด,,,600×300 3 บาน,JR00377,1,คิดราคาไม่มีรายการนี้,JR_FUJI_บานเลื่อน
บานเลื่อน ยูโร,มีแต่ในใบตัด,มือจับ ล็อค (Align),,ยังไม่มี,,ชุด,,,600×300 3 บาน,JR00378,2,คิดราคาไม่มีรายการนี้,JR_FUJI_บานเลื่อน
บานเลื่อน ยูโร,มีแต่ในใบตัด,มือจับ ดัมมี่ (Align),,ยังไม่มี,,ชุด,,,600×300 3 บาน,JR00379,1,คิดราคาไม่มีรายการนี้,JR_FUJI_บานเลื่อน
บานเลื่อน ยูโร,มีแต่ในใบตัด,แกนมือจับ A,,ยังไม่มี,,อัน,,,600×300 3 บาน,JR00478,4,คิดราคาไม่มีรายการนี้,JR_FUJI_บานเลื่อน
บานเลื่อน ยูโร,มีแต่ในใบตัด,แกนมือจับ B,,ยังไม่มี,,อัน,,,600×300 3 บาน,JR00479,4,คิดราคาไม่มีรายการนี้,JR_FUJI_บานเลื่อน
บานเลื่อน ยูโร,มีแต่ในใบตัด,ปลายมือจับ ดำ,,ยังไม่มี,,อัน,,,600×300 3 บาน,JR00476,4,คิดราคาไม่มีรายการนี้,JR_FUJI_บานเลื่อน
บานเลื่อน ยูโร,มีแต่ในใบตัด,ตัวที เงิน,,ยังไม่มี,,อัน,,,600×300 3 บาน,JR00475,2,คิดราคาไม่มีรายการนี้,JR_FUJI_บานเลื่อน
บานเลื่อน ยูโร,มีแต่ในใบตัด,ก้ามปูรับล็อค,,ยังไม่มี,,อัน,,,600×300 3 บาน,JR00477,4,คิดราคาไม่มีรายการนี้,JR_FUJI_บานเลื่อน
บานเลื่อนเฟรมบาง SlimLux,อลูมิเนียม,"คาน (กล่อง 1""x4"")","กล่อง 1""x4""",มี,1400,เส้น,0.40625,568.75,200×200 2 บาน,,,ใบตัดไม่มีรายการนี้,JR_SlimLux_บานเลื่อน
บานเลื่อนเฟรมบาง SlimLux,อลูมิเนียม,"เสารับบาน (กล่อง 1""x3"")","กล่อง 1""x3""",มี,1400,เส้น,0.80234375,1123.28,200×200 2 บาน,,,ใบตัดไม่มีรายการนี้,JR_SlimLux_บานเลื่อน
บานเลื่อนเฟรมบาง SlimLux,อลูมิเนียม,บังใบ 4 หุน,กล่อง 4 หุน,มี,210,เส้น,0.78771875,165.42,200×200 2 บาน,,,ใบตัดไม่มีรายการนี้,JR_SlimLux_บานเลื่อน
บานเลื่อนเฟรมบาง SlimLux,อลูมิเนียม,รางแขวน 1 ราง,XSW40008,มี,988,เส้น,0.7921875,782.68,200×200 2 บาน,,,ใบตัดไม่มีรายการนี้,JR_SlimLux_บานเลื่อน
บานเลื่อนเฟรมบาง SlimLux,อลูมิเนียม,ขวางบน-ล่าง,OPK-A201-40,มี,733,เส้น,0.7954374999999999,583.06,200×200 2 บาน,,,ใบตัดไม่มีรายการนี้,JR_SlimLux_บานเลื่อน
บานเลื่อนเฟรมบาง SlimLux,อลูมิเนียม,เสากุญแจ (ไส้เสาบาน),OPK-A202-40,มี,500,เส้น,1.506375,753.19,200×200 2 บาน,,,ใบตัดไม่มีรายการนี้,JR_SlimLux_บานเลื่อน
บานเลื่อนเฟรมบาง SlimLux,อลูมิเนียม,ตบเรียบหน้าเสากุญแจ,OPK-A203-40,มี,343,เส้น,0.781625,268.1,200×200 2 บาน,,,ใบตัดไม่มีรายการนี้,JR_SlimLux_บานเลื่อน
บานเลื่อนเฟรมบาง SlimLux,อลูมิเนียม,ตบเกี่ยวใส่สักหลาด,OPK-A204-40,มี,343,เส้น,1.1724375,402.15,200×200 2 บาน,,,ใบตัดไม่มีรายการนี้,JR_SlimLux_บานเลื่อน
บานเลื่อนเฟรมบาง SlimLux,อลูมิเนียม,"ฉากปิดราง 2""","ฉาก 2""",มี,320,เส้น,0.8125,260,200×200 2 บาน,,,ใบตัดไม่มีรายการนี้,JR_SlimLux_บานเลื่อน
บานเลื่อนเฟรมบาง SlimLux,อลูมิเนียม,ตบปิดใต้รางริม (ฝาปิดล่างเล็ก),XSW400013,มี,197,เส้น,0.7921875,156.06,200×200 2 บาน,,,ใบตัดไม่มีรายการนี้,JR_SlimLux_บานเลื่อน
บานเลื่อนเฟรมบาง SlimLux,อลูมิเนียม,ตบปิดใต้รางกลาง (ฝาปิดล่างใหญ่),XSW400023,มี,233,เส้น,0.39609375,92.29,200×200 2 บาน,,,ใบตัดไม่มีรายการนี้,JR_SlimLux_บานเลื่อน
บานเลื่อนเฟรมบาง SlimLux,กระจก,กระจก เทมเปอร์ 6มม.,,ยังไม่มี,403,ตร.ม.,4,1612,200×200 2 บาน,,,ใบตัดไม่มีรายการนี้,JR_SlimLux_บานเลื่อน
บานเลื่อนเฟรมบาง SlimLux,อุปกรณ์/สิ้นเปลือง,ล้อล่าง (ตัว),JR00572,มี,100,ตัว,4,400,200×200 2 บาน,JR00572,4,ตรง,JR_SlimLux_บานเลื่อน
บานเลื่อนเฟรมบาง SlimLux,อุปกรณ์/สิ้นเปลือง,มือจับล็อค,JR00366,มี,200,ชุด,1,200,200×200 2 บาน,,,ใบตัดไม่มีรายการนี้,JR_SlimLux_บานเลื่อน
บานเลื่อนเฟรมบาง SlimLux,อุปกรณ์/สิ้นเปลือง,สักหลาด,JR00776,มี,1.5,ม.,5.8,8.7,200×200 2 บาน,,,ใบตัดไม่มีรายการนี้,JR_SlimLux_บานเลื่อน
บานเลื่อนเฟรมบาง SlimLux,อุปกรณ์/สิ้นเปลือง,กล่องยาว (หัว+ท้ายบาน),JR00573,มี,0,กล่อง,2,0,200×200 2 บาน,JR00573,2,ตรง,JR_SlimLux_บานเลื่อน
บานเลื่อนเฟรมบาง SlimLux,อุปกรณ์/สิ้นเปลือง,ซิลิโคน,JR00504,มี,90,หลอด,2,180,200×200 2 บาน,JR00504,2,ตรง,JR_SlimLux_บานเลื่อน
บานเปิด,อลูมิเนียม,เฟรมข้าง F7859,F7859,มี,1049.1,เส้น,0.8125,852.39,150×200 1 บาน,,,ใบตัดไม่มีรายการนี้,JR_FUJI_บานเปิดบานกระทุ้ง_1
บานเปิด,อลูมิเนียม,เฟรมบน F7859,F7859,มี,1049.1,เส้น,0.29453124999999997,308.99,150×200 1 บาน,,,ใบตัดไม่มีรายการนี้,JR_FUJI_บานเปิดบานกระทุ้ง_1
บานเปิด,อลูมิเนียม,เฟรมล่าง (ธรณี) F7938B,F7938B,มี,1530,เส้น,0.29453124999999997,450.63,150×200 1 บาน,,,ใบตัดไม่มีรายการนี้,JR_FUJI_บานเปิดบานกระทุ้ง_1
บานเปิด,อลูมิเนียม,ตบธรณี F7960,F7960,มี,571.5,เส้น,0.29453124999999997,168.32,150×200 1 บาน,,,ใบตัดไม่มีรายการนี้,JR_FUJI_บานเปิดบานกระทุ้ง_1
บานเปิด,อลูมิเนียม,เสา (กรอบบาน 10 ซม.),F7864,มี,1995,เส้น,0.79746875,1590.95,150×200 1 บาน,,,ใบตัดไม่มีรายการนี้,JR_FUJI_บานเปิดบานกระทุ้ง_1
บานเปิด,อลูมิเนียม,ขวาง (กรอบบาน 10 ซม.),F7864,มี,1995,เส้น,0.5943437500000001,1185.72,150×200 1 บาน,,,ใบตัดไม่มีรายการนี้,JR_FUJI_บานเปิดบานกระทุ้ง_1
บานเปิด,อลูมิเนียม,คิ้วตั้ง F7935,F7935,มี,453.3,เส้น,0.71621875,324.66,150×200 1 บาน,,,ใบตัดไม่มีรายการนี้,JR_FUJI_บานเปิดบานกระทุ้ง_1
บานเปิด,อลูมิเนียม,คิ้วขวาง F7935,F7935,มี,453.3,เส้น,0.5293437500000001,239.95,150×200 1 บาน,,,ใบตัดไม่มีรายการนี้,JR_FUJI_บานเปิดบานกระทุ้ง_1
บานเปิด,กระจก,กระจก เขียว 6มม.,,ยังไม่มี,264,ตร.ม.,3,792,150×200 1 บาน,,,ใบตัดไม่มีรายการนี้,JR_FUJI_บานเปิดบานกระทุ้ง_1
บานเปิด,อุปกรณ์/สิ้นเปลือง,บานพับ hyda HD-631,JR00489,มี,117,ตัว,5,585,150×200 1 บาน,JR00489,5,ตรง,JR_FUJI_บานเปิดบานกระทุ้ง_1
บานเปิด,อุปกรณ์/สิ้นเปลือง,มือจับ ล็อค+กุญแจ (KINGBO),JR00315,มี,330,ชุด,1,330,150×200 1 บาน,,,ใบตัดไม่มีรายการนี้,JR_FUJI_บานเปิดบานกระทุ้ง_1
บานเปิด,อุปกรณ์/สิ้นเปลือง,ตลับกุญแจไฮด้า,JR00551,มี,315,ตัว,1,315,150×200 1 บาน,JR00551,1,ตรง,JR_FUJI_บานเปิดบานกระทุ้ง_1
บานเปิด,อุปกรณ์/สิ้นเปลือง,ไส้กุญแจ CH 35x45,JR00499,มี,400,ตัว,1,400,150×200 1 บาน,JR00499,1,ตรง,JR_FUJI_บานเปิดบานกระทุ้ง_1
บานเปิด,อุปกรณ์/สิ้นเปลือง,แผ่นรับล็อค,JR00562,มี,0,ชุด,1,0,150×200 1 บาน,JR00562,1,ตรง,JR_FUJI_บานเปิดบานกระทุ้ง_1
บานเปิด,อุปกรณ์/สิ้นเปลือง,สปิงก็อท,JR00592,มี,0,ตัว,4,0,150×200 1 บาน,JR00592,4,ตรง,JR_FUJI_บานเปิดบานกระทุ้ง_1
บานเปิด,อุปกรณ์/สิ้นเปลือง,ฉากประคองมุม,JR00267,มี,0,ตัว,8,0,150×200 1 บาน,JR00267,8,ตรง,JR_FUJI_บานเปิดบานกระทุ้ง_1
บานเปิด,อุปกรณ์/สิ้นเปลือง,"น็อตเฟรม 1""",JR00864,มี,1,ตัว,8,8,150×200 1 บาน,JR00864,8,ตรง,JR_FUJI_บานเปิดบานกระทุ้ง_1
บานเปิด,อุปกรณ์/สิ้นเปลือง,ยางกรอบบาน,JR00771,มี,11,ม.,6.9,75.9,150×200 1 บาน,JR00771,7,ตรง,JR_FUJI_บานเปิดบานกระทุ้ง_1
บานเปิด,อุปกรณ์/สิ้นเปลือง,ยางวงกบ,JR00771,มี,11,ม.,5.5,60.5,150×200 1 บาน,JR00771,7,ตรง,JR_FUJI_บานเปิดบานกระทุ้ง_1
บานเปิด,อุปกรณ์/สิ้นเปลือง,ซิลิโคน,JR00504,มี,90,หลอด,2,180,150×200 1 บาน,,,ใบตัดไม่มีรายการนี้,JR_FUJI_บานเปิดบานกระทุ้ง_1
บานเปิด,มีแต่ในใบตัด,มือจับ ล็อค+กุญแจ (คิงโบ),,ยังไม่มี,,ชุด,,,150×200 1 บาน,JR00315,1,คิดราคาไม่มีรายการนี้,JR_FUJI_บานเปิดบานกระทุ้ง_1
บานกระทุ้ง,อลูมิเนียม,วงกบ 3 ด้าน F7859,F7859,มี,1049.1,เส้น,0.24375000000000005,255.72,40×40 1 บาน,,,ใบตัดไม่มีรายการนี้,JR_FUJI_บานเปิดบานกระทุ้ง_1
บานกระทุ้ง,อลูมิเนียม,ธรณี F7939B,F7939B,มี,1285,เส้น,0.08125,104.41,40×40 1 บาน,,,ใบตัดไม่มีรายการนี้,JR_FUJI_บานเปิดบานกระทุ้ง_1
บานกระทุ้ง,อลูมิเนียม,กรอบ 7943B,F7943B,มี,1305,เส้น,0.325,424.13,40×40 1 บาน,,,ใบตัดไม่มีรายการนี้,JR_FUJI_บานเปิดบานกระทุ้ง_1
บานกระทุ้ง,อลูมิเนียม,คิ้ว F7935,F7935,มี,453.3,เส้น,0.325,147.32,40×40 1 บาน,,,ใบตัดไม่มีรายการนี้,JR_FUJI_บานเปิดบานกระทุ้ง_1
บานกระทุ้ง,กระจก,กระจก เขียว 6มม.,,ยังไม่มี,264,ตร.ม.,0.16,42.24,40×40 1 บาน,,,ใบตัดไม่มีรายการนี้,JR_FUJI_บานเปิดบานกระทุ้ง_1
บานกระทุ้ง,อุปกรณ์/สิ้นเปลือง,มือจับหลบมุ้ง KINGBO-FH3016,JR00318,มี,111,ชุด,1,111,40×40 1 บาน,JR00318,1,ตรง,JR_FUJI_บานเปิดบานกระทุ้ง_1
บานกระทุ้ง,อุปกรณ์/สิ้นเปลือง,วิทโก้ (บานพับ SC-304P),JR00559,มี,360,ตัว,2,720,40×40 1 บาน,JR00559,2,ตรง,JR_FUJI_บานเปิดบานกระทุ้ง_1
บานกระทุ้ง,อุปกรณ์/สิ้นเปลือง,CDQ Kingbo,JR00564,มี,99,ชุด,1,99,40×40 1 บาน,JR00564,1,ตรง,JR_FUJI_บานเปิดบานกระทุ้ง_1
บานกระทุ้ง,อุปกรณ์/สิ้นเปลือง,รับล็อคลูกเบี้ยว,JR00483,มี,15,ตัว,2,30,40×40 1 บาน,JR00483,2,ตรง,JR_FUJI_บานเปิดบานกระทุ้ง_1
บานกระทุ้ง,อุปกรณ์/สิ้นเปลือง,ลูกเบี้ยวล็อค,JR00486,มี,17,ตัว,2,34,40×40 1 บาน,JR00486,2,ตรง,JR_FUJI_บานเปิดบานกระทุ้ง_1
บานกระทุ้ง,อุปกรณ์/สิ้นเปลือง,สปิงก็อท,JR00592,มี,12,ตัว,4,48,40×40 1 บาน,JR00592,4,ตรง,JR_FUJI_บานเปิดบานกระทุ้ง_1
บานกระทุ้ง,อุปกรณ์/สิ้นเปลือง,ฉากประคองมุม,JR00267,มี,1.5,ตัว,8,12,40×40 1 บาน,JR00267,8,ตรง,JR_FUJI_บานเปิดบานกระทุ้ง_1
บานกระทุ้ง,อุปกรณ์/สิ้นเปลือง,"น็อตเฟรม 1""",JR00864,มี,1,ตัว,8,8,40×40 1 บาน,JR00864,8,ตรง,JR_FUJI_บานเปิดบานกระทุ้ง_1
บานกระทุ้ง,อุปกรณ์/สิ้นเปลือง,ยางอัดกระจก,JR00770,มี,11,ม.,1.6,17.6,40×40 1 บาน,,,ใบตัดไม่มีรายการนี้,JR_FUJI_บานเปิดบานกระทุ้ง_1
บานกระทุ้ง,อุปกรณ์/สิ้นเปลือง,ซิลิโคน,JR00504,มี,90,หลอด,1,90,40×40 1 บาน,,,ใบตัดไม่มีรายการนี้,JR_FUJI_บานเปิดบานกระทุ้ง_1
บานกระทุ้ง,มีแต่ในใบตัด,ยางกรอบบาน,,ยังไม่มี,,เมตร,,,40×40 1 บาน,JR00770,1.6,คิดราคาไม่มีรายการนี้,JR_FUJI_บานเปิดบานกระทุ้ง_1
บานกระทุ้ง,มีแต่ในใบตัด,ยางวงกบ,,ยังไม่มี,,เมตร,,,40×40 1 บาน,JR00770,1.6,คิดราคาไม่มีรายการนี้,JR_FUJI_บานเปิดบานกระทุ้ง_1
บานเฟี้ยม,อลูมิเนียม,B24001 เฟรมบน,B24001,มี,2186.8,เส้น,1,2186.8,180×280 2 บาน,,,ใบตัดไม่มีรายการนี้,JR_เฟี้ยม_SMS_รวม
บานเฟี้ยม,อลูมิเนียม,B24002 บังใบบน,B24002,มี,332.5,เส้น,1,332.5,180×280 2 บาน,,,ใบตัดไม่มีรายการนี้,JR_เฟี้ยม_SMS_รวม
บานเฟี้ยม,อลูมิเนียม,B24003 เฟรมล่าง (ธรณี),B24003,มี,1511.5,เส้น,1,1511.5,180×280 2 บาน,,,ใบตัดไม่มีรายการนี้,JR_เฟี้ยม_SMS_รวม
บานเฟี้ยม,อลูมิเนียม,B24004 ตัวตับธรณี,B24004,มี,592.2,เส้น,1,592.2,180×280 2 บาน,,,ใบตัดไม่มีรายการนี้,JR_เฟี้ยม_SMS_รวม
บานเฟี้ยม,อลูมิเนียม,B24005 เฟรมข้าง,B24005,มี,1039,เส้น,1,1039,180×280 2 บาน,,,ใบตัดไม่มีรายการนี้,JR_เฟี้ยม_SMS_รวม
บานเฟี้ยม,อลูมิเนียม,B24006 บังใบข้าง,B24006,มี,291,เส้น,1,291,180×280 2 บาน,,,ใบตัดไม่มีรายการนี้,JR_เฟี้ยม_SMS_รวม
บานเฟี้ยม,อลูมิเนียม,B24007 ขวางบน+ล่าง,B24007,มี,1257,เส้น,1,1257,180×280 2 บาน,,,ใบตัดไม่มีรายการนี้,JR_เฟี้ยม_SMS_รวม
บานเฟี้ยม,อลูมิเนียม,B24007 เสา,B24007,มี,1257,เส้น,2,2514,180×280 2 บาน,,,ใบตัดไม่มีรายการนี้,JR_เฟี้ยม_SMS_รวม
บานเฟี้ยม,อลูมิเนียม,B24007 เสากุญแจ,B24007,มี,1257,เส้น,1,1257,180×280 2 บาน,,,ใบตัดไม่มีรายการนี้,JR_เฟี้ยม_SMS_รวม
บานเฟี้ยม,อลูมิเนียม,B24008 คิ้วตบกระจก แนวนอน,B24008,มี,275.3,เส้น,1,275.3,180×280 2 บาน,,,ใบตัดไม่มีรายการนี้,JR_เฟี้ยม_SMS_รวม
บานเฟี้ยม,อลูมิเนียม,B24008 คิ้วตบกระจก แนวตั้ง,B24008,มี,275.3,เส้น,2,550.6,180×280 2 บาน,,,ใบตัดไม่มีรายการนี้,JR_เฟี้ยม_SMS_รวม
บานเฟี้ยม,กระจก,กระจก เขียว 6มม.,,ยังไม่มี,264,ตร.ม.,5.04,1330.56,180×280 2 บาน,,,ใบตัดไม่มีรายการนี้,JR_เฟี้ยม_SMS_รวม
บานเฟี้ยม,อุปกรณ์/สิ้นเปลือง,ยาง,JR00804,มี,11,ม.,14.8,162.8,180×280 2 บาน,JR00804,9.2,ตรง,JR_เฟี้ยม_SMS_รวม
บานเฟี้ยม,อุปกรณ์/สิ้นเปลือง,อุปกรณ์เฟี้ยม (ชุด),,ยังไม่มี,1,ชุด,5230,5230,180×280 2 บาน,,,ใบตัดไม่มีรายการนี้,JR_เฟี้ยม_SMS_รวม
บานเฟี้ยม,อุปกรณ์/สิ้นเปลือง,ซิลิโคน,JR00504,มี,90,หลอด,2,180,180×280 2 บาน,JR00504,2,ตรง,JR_เฟี้ยม_SMS_รวม
บานเฟี้ยม,มีแต่ในใบตัด,ชุดบานพับ (ระดับเดียว),,ยังไม่มี,,ชุด,,,180×280 2 บาน,JR00610,2,คิดราคาไม่มีรายการนี้,JR_เฟี้ยม_SMS_รวม
บานเฟี้ยม,มีแต่ในใบตัด,ล้อแขวนบานตาย ซ้าย,,ยังไม่มี,,ชุด,,,180×280 2 บาน,JR00612,1,คิดราคาไม่มีรายการนี้,JR_เฟี้ยม_SMS_รวม
บานเฟี้ยม,มีแต่ในใบตัด,ล้อแขวนบานตาย ขวา,,ยังไม่มี,,ชุด,,,180×280 2 บาน,JR00613,1,คิดราคาไม่มีรายการนี้,JR_เฟี้ยม_SMS_รวม
บานเฟี้ยม,มีแต่ในใบตัด,ล้อแขวนบานกลาง (Meeting),,ยังไม่มี,,ชุด,,,180×280 2 บาน,JR00616,1,คิดราคาไม่มีรายการนี้,JR_เฟี้ยม_SMS_รวม
บานเฟี้ยม,มีแต่ในใบตัด,ชุดสลักล็อค (Twin Bolt · 05-014),,ยังไม่มี,,ชุด,,,180×280 2 บาน,JR00563,2,คิดราคาไม่มีรายการนี้,JR_เฟี้ยม_SMS_รวม
บานเฟี้ยม,มีแต่ในใบตัด,ยางกรอบบาน (วน 2 รอบ/บาน),,ยังไม่มี,,ม.,,,180×280 2 บาน,JR00805,50,คิดราคาไม่มีรายการนี้,JR_เฟี้ยม_SMS_รวม
บานติดตาย,อลูมิเนียม,กล่อง 1.6×3 — ตั้ง,"กล่อง 1.6""x3""",มี,1240,เส้น,1,1240,150×200 1 บาน,,,ใบตัดไม่มีรายการนี้,JR_บานติดตาย
บานติดตาย,อลูมิเนียม,กล่อง 1.6×3 — นอน,"กล่อง 1.6""x3""",มี,1240,เส้น,1,1240,150×200 1 บาน,,,ใบตัดไม่มีรายการนี้,JR_บานติดตาย
บานติดตาย,อลูมิเนียม,9014 คัลเทิลวอล — ตั้ง,9014,มี,380,เส้น,1,380,150×200 1 บาน,,,ใบตัดไม่มีรายการนี้,JR_บานติดตาย
บานติดตาย,อลูมิเนียม,9014 คัลเทิลวอล — นอน,9014,มี,380,เส้น,1,380,150×200 1 บาน,,,ใบตัดไม่มีรายการนี้,JR_บานติดตาย
บานติดตาย,กระจก,กระจก เขียว 6มม.,,ยังไม่มี,264,ตร.ม.,3,792,150×200 1 บาน,,,ใบตัดไม่มีรายการนี้,JR_บานติดตาย
บานติดตาย,อุปกรณ์/สิ้นเปลือง,ฉากเข้ามุม (4 มุม/ช่อง),JR00557,มี,5,มุม,4,20,150×200 1 บาน,JR00557,4,ตรง,JR_บานติดตาย
บานติดตาย,อุปกรณ์/สิ้นเปลือง,เทปนอร์ตัน (หนุนกระจก),JR02937,มี,10,ม.,7,70,150×200 1 บาน,JR02937,7,ตรง,JR_บานติดตาย
บานติดตาย,อุปกรณ์/สิ้นเปลือง,ซิลิโคน ใน+นอก,JR00504,มี,90,หลอด,2,180,150×200 1 บาน,JR00504,2,ตรง,JR_บานติดตาย
บานเลื่อนรางบน,กระจก,กระจก เขียว 6มม.,,ยังไม่มี,264,ตร.ม.,8.64,2280.96,360×240 2 บาน,,,ใบตัดไม่มีรายการนี้,JR_รางบนเฟรมปกติ_1
บานเลื่อนรางบน,อุปกรณ์/สิ้นเปลือง,รางบน Hafele,,ยังไม่มี,2010,เส้น,4,8040,360×240 2 บาน,JR00544,2,คิดราคายังไม่มีรหัส,JR_รางบนเฟรมปกติ_1
บานเลื่อนรางบน,อุปกรณ์/สิ้นเปลือง,ล้อรางบน Hafele 100kg,JR00544,มี,1170,กล่อง,2,2340,360×240 2 บาน,,,ใบตัดไม่มีรายการนี้,JR_รางบนเฟรมปกติ_1
บานเลื่อนรางบน,อุปกรณ์/สิ้นเปลือง,"เสารับ 1""x4""",,ยังไม่มี,905,เส้น,1,905,360×240 2 บาน,,,ใบตัดไม่มีรายการนี้,JR_รางบนเฟรมปกติ_1
บานเลื่อนรางบน,อุปกรณ์/สิ้นเปลือง,"คานรับราง 1.6""x4""",,ยังไม่มี,1220,เส้น,2,2440,360×240 2 บาน,,,ใบตัดไม่มีรายการนี้,JR_รางบนเฟรมปกติ_1
บานเลื่อนรางบน,อุปกรณ์/สิ้นเปลือง,กรอบบาน เสากุญแจ 20051,JR00256,มี,885,เส้น,3,2655,360×240 2 บาน,,,ใบตัดไม่มีรายการนี้,JR_รางบนเฟรมปกติ_1
บานเลื่อนรางบน,อุปกรณ์/สิ้นเปลือง,ชนกลางรับบาน,,ยังไม่มี,300,ท่อน,1,300,360×240 2 บาน,,,ใบตัดไม่มีรายการนี้,JR_รางบนเฟรมปกติ_1
บานเลื่อนรางบน,อุปกรณ์/สิ้นเปลือง,"ฉาก 4"" ปิดราง",,ยังไม่มี,280,ท่อน,4,1120,360×240 2 บาน,,,ใบตัดไม่มีรายการนี้,JR_รางบนเฟรมปกติ_1
บานเลื่อนรางบน,อุปกรณ์/สิ้นเปลือง,มือจับ Align,JR00378,มี,99,ตัว,4,396,360×240 2 บาน,,,ใบตัดไม่มีรายการนี้,JR_รางบนเฟรมปกติ_1
บานเลื่อนรางบน,อุปกรณ์/สิ้นเปลือง,ชุดล็อค,JR00246,มี,189,ชุด,2,378,360×240 2 บาน,,,ใบตัดไม่มีรายการนี้,JR_รางบนเฟรมปกติ_1
บานเลื่อนรางบน,อุปกรณ์/สิ้นเปลือง,ซิลิโคน,JR00504,มี,90,หลอด,2,180,360×240 2 บาน,,,ใบตัดไม่มีรายการนี้,JR_รางบนเฟรมปกติ_1
บานเลื่อนรางบน,มีแต่ในใบตัด,มือจับ กุญแจ (Align),,ยังไม่มี,,ชุด,,,360×240 2 บาน,JR00377,1,คิดราคาไม่มีรายการนี้,JR_รางบนเฟรมปกติ_1
บานเลื่อนรางบน,มีแต่ในใบตัด,มือจับ ล็อค (Align),,ยังไม่มี,,ชุด,,,360×240 2 บาน,JR00378,2,คิดราคาไม่มีรายการนี้,JR_รางบนเฟรมปกติ_1
บานเลื่อนรางบน,มีแต่ในใบตัด,มือจับ ดัมมี่ (Align),,ยังไม่มี,,ชุด,,,360×240 2 บาน,JR00379,1,คิดราคาไม่มีรายการนี้,JR_รางบนเฟรมปกติ_1
บานเลื่อนรางบน,มีแต่ในใบตัด,แกนมือจับ A,,ยังไม่มี,,อัน,,,360×240 2 บาน,JR00478,4,คิดราคาไม่มีรายการนี้,JR_รางบนเฟรมปกติ_1
บานเลื่อนรางบน,มีแต่ในใบตัด,แกนมือจับ B,,ยังไม่มี,,อัน,,,360×240 2 บาน,JR00479,2,คิดราคาไม่มีรายการนี้,JR_รางบนเฟรมปกติ_1
บานเลื่อนรางบน,มีแต่ในใบตัด,ปลายมือจับ ดำ,,ยังไม่มี,,อัน,,,360×240 2 บาน,JR00476,4,คิดราคาไม่มีรายการนี้,JR_รางบนเฟรมปกติ_1
บานเลื่อนรางบน,มีแต่ในใบตัด,ตัวที เงิน,,ยังไม่มี,,อัน,,,360×240 2 บาน,JR00475,2,คิดราคาไม่มีรายการนี้,JR_รางบนเฟรมปกติ_1
บานเลื่อนรางบน,มีแต่ในใบตัด,ก้ามปูรับล็อค,,ยังไม่มี,,อัน,,,360×240 2 บาน,JR00477,4,คิดราคาไม่มีรายการนี้,JR_รางบนเฟรมปกติ_1
บานเลื่อนรางบน,มีแต่ในใบตัด,"น็อตประกอบบาน 1""",,ยังไม่มี,,ตัว,,,360×240 2 บาน,JR00864,8,คิดราคาไม่มีรายการนี้,JR_รางบนเฟรมปกติ_1
บานเลื่อนรางบน,มีแต่ในใบตัด,ไกด์ดำ,,ยังไม่มี,,ตัว,,,360×240 2 บาน,JR00558,2,คิดราคาไม่มีรายการนี้,JR_รางบนเฟรมปกติ_1
บานเลื่อน E-series,อลูมิเนียม,เฟรมบน E-01,E-01,มี,2235,เส้น,1.21875,2723.91,600×300 3 บาน,,,ยังไม่ผูกไฟล์,
บานเลื่อน E-series,อลูมิเนียม,เฟรมล่างกันน้ำ E-03,E-03,มี,2152,เส้น,1.21875,2622.75,600×300 3 บาน,,,ยังไม่ผูกไฟล์,
บานเลื่อน E-series,อลูมิเนียม,เฟรมข้าง E-02C,E-02C,มี,1995,เส้น,1.21875,2431.41,600×300 3 บาน,,,ยังไม่ผูกไฟล์,
บานเลื่อน E-series,อลูมิเนียม,ถาดลองน้ำ E-03B,E-03B,มี,742,เส้น,1,742,600×300 3 บาน,,,ยังไม่ผูกไฟล์,
บานเลื่อน E-series,อลูมิเนียม,เสากุญแจสลิม E-04e,E-04E,มี,1080,เส้น,1.21875,1316.25,600×300 3 บาน,,,ยังไม่ผูกไฟล์,
บานเลื่อน E-series,อลูมิเนียม,เสาเกี่ยวสลิม E-05e,E-05E,มี,1072,เส้น,2.4375,2613,600×300 3 บาน,,,ยังไม่ผูกไฟล์,
บานเลื่อน E-series,อลูมิเนียม,ขวางบน/ล่าง E-07e,E-07E,มี,1162,เส้น,2.4375,2832.38,600×300 3 บาน,,,ยังไม่ผูกไฟล์,
บานเลื่อน E-series,กระจก,กระจก เขียว 6มม.,,ยังไม่มี,264,ตร.ม.,18.6,4910.4,600×300 3 บาน,,,ยังไม่ผูกไฟล์,
บานเลื่อน E-series,อุปกรณ์/สิ้นเปลือง,ล้อ ehr-80 (2/บานเลื่อน),,ยังไม่มี,135,ลูก,6,810,600×300 3 บาน,,,ยังไม่ผูกไฟล์,
บานเลื่อน E-series,อุปกรณ์/สิ้นเปลือง,ล็อคก้นหอย,JR00456,มี,100,ตัว,2,200,600×300 3 บาน,,,ยังไม่ผูกไฟล์,
บานเลื่อน E-series,อุปกรณ์/สิ้นเปลือง,สักหลาด,JR00242,มี,1.5,ม.,96,144,600×300 3 บาน,,,ยังไม่ผูกไฟล์,
บานเลื่อน E-series,อุปกรณ์/สิ้นเปลือง,น็อต,JR00226,มี,1,ตัว,20,20,600×300 3 บาน,,,ยังไม่ผูกไฟล์,
บานเลื่อน E-series,อุปกรณ์/สิ้นเปลือง,ซิลิโคน,JR00504,มี,90,หลอด,3,270,600×300 3 บาน,,,ยังไม่ผูกไฟล์,
Velora บานเปิด,อลูมิเนียม,วงกบบน,JR02885,มี,768,เส้น,1,768,220×200 1 บาน,,,ใบตัดไม่มีรายการนี้,JR_Velora_บานเปิด
Velora บานเปิด,อลูมิเนียม,วงกบข้าง,JR02885,มี,768,เส้น,1,768,220×200 1 บาน,,,ใบตัดไม่มีรายการนี้,JR_Velora_บานเปิด
Velora บานเปิด,อลูมิเนียม,กรอบบาน แนวนอน,JR02886,มี,720,เส้น,1,720,220×200 1 บาน,,,ใบตัดไม่มีรายการนี้,JR_Velora_บานเปิด
Velora บานเปิด,อลูมิเนียม,กรอบบาน แนวตั้ง,JR02886,มี,720,เส้น,1,720,220×200 1 บาน,,,ใบตัดไม่มีรายการนี้,JR_Velora_บานเปิด
Velora บานเปิด,อุปกรณ์/สิ้นเปลือง,ค่าอบสี (อบขาว/ดำ 100/กก. × 12.92กก.),,ยังไม่มี,100,กก.,12.92,1292.4,220×200 1 บาน,,,ใบตัดไม่มีรายการนี้,JR_Velora_บานเปิด
Velora บานเปิด,กระจก,กระจก เทมเปอร์ใส 6มม.,,ยังไม่มี,403,ตร.ม.,4.4,1773.2,220×200 1 บาน,,,ใบตัดไม่มีรายการนี้,JR_Velora_บานเปิด
Velora บานเปิด,อุปกรณ์/สิ้นเปลือง,บานพับ (4 ตัว/บาน),JR00561,มี,110,ตัว,4,440,220×200 1 บาน,JR00561,4,ตรง,JR_Velora_บานเปิด
Velora บานเปิด,อุปกรณ์/สิ้นเปลือง,มือจับ,JR00355,มี,450,ชุด,1,450,220×200 1 บาน,JR00355,1,ตรง,JR_Velora_บานเปิด
Velora บานเปิด,อุปกรณ์/สิ้นเปลือง,ซิลิโคน,JR00504,มี,90,หลอด,2,180,220×200 1 บาน,JR00504,2,ตรง,JR_Velora_บานเปิด
ประตูบานเปิด PC Door,อลูมิเนียม,"คาน (กล่อง 1""x4"")","กล่อง 1""x4""",มี,1400,เส้น,0.3046875,426.56,150×200 2 บาน,,,ใบตัดไม่มีรายการนี้,JR_PCDoor
ประตูบานเปิด PC Door,อลูมิเนียม,ชนกลางบานเลื่อน B20046,B20046,มี,249.3,เส้น,0.39304687499999996,97.99,150×200 2 บาน,,,ใบตัดไม่มีรายการนี้,JR_PCDoor
ประตูบานเปิด PC Door,อลูมิเนียม,วงกบ 3 ด้าน F7859,F7859,มี,1049.1,เส้น,1.1171875,1172.04,150×200 2 บาน,,,ใบตัดไม่มีรายการนี้,JR_PCDoor
ประตูบานเปิด PC Door,อลูมิเนียม,ธรณี F7938B,F7938B,มี,1530,เส้น,0.3046875,466.17,150×200 2 บาน,,,ใบตัดไม่มีรายการนี้,JR_PCDoor
ประตูบานเปิด PC Door,อลูมิเนียม,ตบธรณี F7960,F7960,มี,571.5,เส้น,0.3046875,174.13,150×200 2 บาน,,,ใบตัดไม่มีรายการนี้,JR_PCDoor
ประตูบานเปิด PC Door,อลูมิเนียม,กรอบบานเปิด เมืองทอง (สูง) F7864,F7864,มี,1995,เส้น,0.77675,1549.62,150×200 2 บาน,,,ใบตัดไม่มีรายการนี้,JR_PCDoor
ประตูบานเปิด PC Door,อลูมิเนียม,กรอบบานเปิด เมืองทอง (กว้าง) F7864,F7864,มี,1995,เส้น,0.29696875,592.45,150×200 2 บาน,,,ใบตัดไม่มีรายการนี้,JR_PCDoor
ประตูบานเปิด PC Door,อลูมิเนียม,กรอบบานเลื่อน sms (สูง),,ยังไม่มี,1995,เส้น,0.7605,1517.2,150×200 2 บาน,,,ใบตัดไม่มีรายการนี้,JR_PCDoor
ประตูบานเปิด PC Door,อลูมิเนียม,กรอบบานเลื่อน sms (กว้าง),,ยังไม่มี,1995,เส้น,0.26325,525.18,150×200 2 บาน,,,ใบตัดไม่มีรายการนี้,JR_PCDoor
ประตูบานเปิด PC Door,อลูมิเนียม,คิ้วกระจก F7935 (เปิด สูง),F7935,มี,453.3,เส้น,0.77675,352.1,150×200 2 บาน,,,ใบตัดไม่มีรายการนี้,JR_PCDoor
ประตูบานเปิด PC Door,อลูมิเนียม,คิ้วกระจก F7935 (เปิด กว้าง),F7935,มี,453.3,เส้น,0.29696875,134.62,150×200 2 บาน,,,ใบตัดไม่มีรายการนี้,JR_PCDoor
ประตูบานเปิด PC Door,อลูมิเนียม,คิ้วกระจก F7935 (เลื่อน สูง),F7935,มี,453.3,เส้น,0.7605,344.73,150×200 2 บาน,,,ใบตัดไม่มีรายการนี้,JR_PCDoor
ประตูบานเปิด PC Door,อลูมิเนียม,คิ้วกระจก F7935 (เลื่อน กว้าง),F7935,มี,453.3,เส้น,0.26325,119.33,150×200 2 บาน,,,ใบตัดไม่มีรายการนี้,JR_PCDoor
ประตูบานเปิด PC Door,กระจก,กระจก เขียว 6มม.,,ยังไม่มี,264,ตร.ม.,3,792,150×200 2 บาน,,,ใบตัดไม่มีรายการนี้,JR_PCDoor
ประตูบานเปิด PC Door,อุปกรณ์/สิ้นเปลือง,บานพับไม่บาก (hyda),JR00473,มี,117,ตัว,4,468,150×200 2 บาน,JR00473,4,ตรง,JR_PCDoor
ประตูบานเปิด PC Door,อุปกรณ์/สิ้นเปลือง,ล้อรางบน Hafele + ซอฟโค้ด (ชุด),JR00544,มี,1170,ชุด,1,1170,150×200 2 บาน,,,ใบตัดไม่มีรายการนี้,JR_PCDoor
ประตูบานเปิด PC Door,อุปกรณ์/สิ้นเปลือง,มือจับ Align SMS (2/บาน),JR00378,มี,198,บาน,2,396,150×200 2 บาน,,,ใบตัดไม่มีรายการนี้,JR_PCDoor
ประตูบานเปิด PC Door,อุปกรณ์/สิ้นเปลือง,กลอนบานลอง (รวมปลายกลอน),JR00630,มี,450,ชุด,1,450,150×200 2 บาน,JR00630,1,ตรง,JR_PCDoor
ประตูบานเปิด PC Door,อุปกรณ์/สิ้นเปลือง,น็อตเฟรม,JR00864,มี,1,ตัว,8,8,150×200 2 บาน,,,ใบตัดไม่มีรายการนี้,JR_PCDoor
ประตูบานเปิด PC Door,อุปกรณ์/สิ้นเปลือง,ยาง,JR00244,มี,11,ม.,14,154,150×200 2 บาน,,,ใบตัดไม่มีรายการนี้,JR_PCDoor
ประตูบานเปิด PC Door,อุปกรณ์/สิ้นเปลือง,ซิลิโคน ใน+นอก,JR00504,มี,90,หลอด,2,180,150×200 2 บาน,,,ใบตัดไม่มีรายการนี้,JR_PCDoor
ประตูบานเปิด PC Door,มีแต่ในใบตัด,ล้อรางบน Hafele 100kg,,ยังไม่มี,,กล่อง,,,150×200 2 บาน,JR00544,1,คิดราคาไม่มีรายการนี้,JR_PCDoor
ประตูบานเปิด PC Door,มีแต่ในใบตัด,มือจับ กุญแจ (Align),,ยังไม่มี,,ชุด,,,150×200 2 บาน,JR00377,1,คิดราคาไม่มีรายการนี้,JR_PCDoor
ประตูบานเปิด PC Door,มีแต่ในใบตัด,มือจับ ล็อค (Align),,ยังไม่มี,,ชุด,,,150×200 2 บาน,JR00378,2,คิดราคาไม่มีรายการนี้,JR_PCDoor
ประตูบานเปิด PC Door,มีแต่ในใบตัด,มือจับ ดัมมี่ (Align),,ยังไม่มี,,ชุด,,,150×200 2 บาน,JR00379,1,คิดราคาไม่มีรายการนี้,JR_PCDoor
ประตูบานเปิด PC Door,มีแต่ในใบตัด,แกนมือจับ A,,ยังไม่มี,,อัน,,,150×200 2 บาน,JR00478,4,คิดราคาไม่มีรายการนี้,JR_PCDoor
ประตูบานเปิด PC Door,มีแต่ในใบตัด,แกนมือจับ B,,ยังไม่มี,,อัน,,,150×200 2 บาน,JR00479,2,คิดราคาไม่มีรายการนี้,JR_PCDoor
ประตูบานเปิด PC Door,มีแต่ในใบตัด,ปลายมือจับ ดำ,,ยังไม่มี,,อัน,,,150×200 2 บาน,JR00476,4,คิดราคาไม่มีรายการนี้,JR_PCDoor
ประตูบานเปิด PC Door,มีแต่ในใบตัด,ตัวที เงิน,,ยังไม่มี,,อัน,,,150×200 2 บาน,JR00475,2,คิดราคาไม่มีรายการนี้,JR_PCDoor
ประตูบานเปิด PC Door,มีแต่ในใบตัด,ก้ามปูรับล็อค,,ยังไม่มี,,อัน,,,150×200 2 บาน,JR00477,4,คิดราคาไม่มีรายการนี้,JR_PCDoor
ประตูบานเปิด PC Door,มีแต่ในใบตัด,"น็อตประกอบบาน 1""",,ยังไม่มี,,ตัว,,,150×200 2 บาน,JR00864,4,คิดราคาไม่มีรายการนี้,JR_PCDoor
ประตูบานเปิด PC Door,มีแต่ในใบตัด,หัวต่อราง,,ยังไม่มี,,อัน,,,150×200 2 บาน,—,1,คิดราคาไม่มีรายการนี้,JR_PCDoor
ประตูบานเปิด PC Door,มีแต่ในใบตัด,ฝาครอบราง,,ยังไม่มี,,เส้น,,,150×200 2 บาน,—,2,คิดราคาไม่มีรายการนี้,JR_PCDoor
ประตูบานเปิด PC Door,มีแต่ในใบตัด,ปลายกลอน,,ยังไม่มี,,อัน,,,150×200 2 บาน,JR00598,1,คิดราคาไม่มีรายการนี้,JR_PCDoor
บานยก,อลูมิเนียม,กล่องร่องมีสกรู,B28015,มี,995,เส้น,0.203125,202.11,100×150 1 บาน,,,ใบตัดไม่มีรายการนี้,JR_บานยก_ฟูจิ
บานยก,อลูมิเนียม,เฟรมบน,B28009,มี,1000,เส้น,0.203125,203.13,100×150 1 บาน,—,1,ใบตัดไม่ให้รหัส,JR_บานยก_ฟูจิ
บานยก,อลูมิเนียม,อแดปเตอร์บน,B28010,มี,395,เส้น,0.203125,80.23,100×150 1 บาน,,,ใบตัดไม่มีรายการนี้,JR_บานยก_ฟูจิ
บานยก,อลูมิเนียม,เฟรมล่าง,B28014,มี,840,เส้น,0.203125,170.63,100×150 1 บาน,—,1,ใบตัดไม่ให้รหัส,JR_บานยก_ฟูจิ
บานยก,อลูมิเนียม,อแดปเตอร์รูสกรู,B28012,มี,60,เส้น,0.203125,12.19,100×150 1 บาน,,,ใบตัดไม่มีรายการนี้,JR_บานยก_ฟูจิ
บานยก,อลูมิเนียม,กรอบบาน (รอบบาน × 2 บาน),B28011,มี,600,เส้น,1.421875,853.13,100×150 1 บาน,,,ใบตัดไม่มีรายการนี้,JR_บานยก_ฟูจิ
บานยก,อลูมิเนียม,เสาเกี่ยว/ตบเกี่ยว (แนวนอน 2 ท่อน),B28013,มี,195,เส้น,0.40625,79.22,100×150 1 บาน,,,ใบตัดไม่มีรายการนี้,JR_บานยก_ฟูจิ
บานยก,อลูมิเนียม,รางข้าง/เฟรมข้าง (2 ท่อน สูงเท่าช่อง),B10004,มี,1175,เส้น,0.609375,716.02,100×150 1 บาน,,,ใบตัดไม่มีรายการนี้,JR_บานยก_ฟูจิ
บานยก,กระจก,กระจก เขียว 6มม.,,ยังไม่มี,264,ตร.ม.,1.5,396,100×150 1 บาน,,,ใบตัดไม่มีรายการนี้,JR_บานยก_ฟูจิ
บานยก,อุปกรณ์/สิ้นเปลือง,กล่องอุปกรณ์,,ยังไม่มี,1350,ชุด,1,1350,100×150 1 บาน,,,ใบตัดไม่มีรายการนี้,JR_บานยก_ฟูจิ
บานยก,อุปกรณ์/สิ้นเปลือง,มือจับ,,ยังไม่มี,60,ตัว,1,60,100×150 1 บาน,—,1,คิดราคายังไม่มีรหัส,JR_บานยก_ฟูจิ
บานยก,อุปกรณ์/สิ้นเปลือง,ล๊อคกลาง,,ยังไม่มี,70,ตัว,1,70,100×150 1 บาน,,,ใบตัดไม่มีรายการนี้,JR_บานยก_ฟูจิ
บานยก,อุปกรณ์/สิ้นเปลือง,คอยสปริง,,ยังไม่มี,160,ตัว,2,320,100×150 1 บาน,,,ใบตัดไม่มีรายการนี้,JR_บานยก_ฟูจิ
บานยก,อุปกรณ์/สิ้นเปลือง,ฝาปิดฝุ่น,,ยังไม่มี,10,ตัว,2,20,100×150 1 บาน,,,ใบตัดไม่มีรายการนี้,JR_บานยก_ฟูจิ
บานยก,อุปกรณ์/สิ้นเปลือง,ตลับตะขอเกี่ยว,,ยังไม่มี,130,ตัว,4,520,100×150 1 บาน,,,ใบตัดไม่มีรายการนี้,JR_บานยก_ฟูจิ
บานยก,อุปกรณ์/สิ้นเปลือง,กิ๊ปล็อค,,ยังไม่มี,20,ตัว,4,80,100×150 1 บาน,,,ใบตัดไม่มีรายการนี้,JR_บานยก_ฟูจิ
บานยก,อุปกรณ์/สิ้นเปลือง,กล่องใส่สปริง,,ยังไม่มี,30,ตัว,2,60,100×150 1 บาน,,,ใบตัดไม่มีรายการนี้,JR_บานยก_ฟูจิ
บานยก,อุปกรณ์/สิ้นเปลือง,ซิลิโคน,JR00504,มี,90,หลอด,1,90,100×150 1 บาน,,,ใบตัดไม่มีรายการนี้,JR_บานยก_ฟูจิ
บานยก,มีแต่ในใบตัด,ไกด์ประคองกรอบบาน (06-003),,ยังไม่มี,,PCS,,,100×150 1 บาน,—,4,คิดราคาไม่มีรายการนี้,JR_บานยก_ฟูจิ
บานยก,มีแต่ในใบตัด,ตะขอเกี่ยวตลับเชือก (06-002),,ยังไม่มี,,PCS,,,100×150 1 บาน,—,4,คิดราคาไม่มีรายการนี้,JR_บานยก_ฟูจิ
บานยก,มีแต่ในใบตัด,ตลับล้อพูเล่ย์ (06-004),,ยังไม่มี,,PCS,,,100×150 1 บาน,—,2,คิดราคาไม่มีรายการนี้,JR_บานยก_ฟูจิ
บานยก,มีแต่ในใบตัด,ตลับใส่เชือก clutch (06-001),,ยังไม่มี,,PCS,,,100×150 1 บาน,—,4,คิดราคาไม่มีรายการนี้,JR_บานยก_ฟูจิ
บานยก,มีแต่ในใบตัด,เชือกไนล่อน 6มม. ดำ (06-007),,ยังไม่มี,,M,,,100×150 1 บาน,—,4.163,คิดราคาไม่มีรายการนี้,JR_บานยก_ฟูจิ
บานยก,มีแต่ในใบตัด,ฝาปิดมุมกรอบบาน 90° (06-005),,ยังไม่มี,,PCS,,,100×150 1 บาน,—,8,คิดราคาไม่มีรายการนี้,JR_บานยก_ฟูจิ
บานยก,มีแต่ในใบตัด,ฝาปิดรูเสาเกี่ยว ซ้าย+ขวา (06-006),,ยังไม่มี,,Pair,,,100×150 1 บาน,—,2,คิดราคาไม่มีรายการนี้,JR_บานยก_ฟูจิ
บานยก,มีแต่ในใบตัด,ตัวเบรคบาน stopper (06-011),,ยังไม่มี,,PCS,,,100×150 1 บาน,—,2,คิดราคาไม่มีรายการนี้,JR_บานยก_ฟูจิ
บานยก,มีแต่ในใบตัด,ยางกันลมบานยก (06-013),,ยังไม่มี,,PCS,,,100×150 1 บาน,—,2,คิดราคาไม่มีรายการนี้,JR_บานยก_ฟูจิ
บานยก,มีแต่ในใบตัด,ล็อคกลางบานยก latch (06-019),,ยังไม่มี,,PCS,,,100×150 1 บาน,—,1,คิดราคาไม่มีรายการนี้,JR_บานยก_ฟูจิ
บานยก,มีแต่ในใบตัด,ขอล็อคกลางบานยก keeper (06-020),,ยังไม่มี,,PCS,,,100×150 1 บาน,—,1,คิดราคาไม่มีรายการนี้,JR_บานยก_ฟูจิ
บานยก,มีแต่ในใบตัด,สกรูหัวจม #7x8 (06-014),,ยังไม่มี,,PCS,,,100×150 1 บาน,—,4,คิดราคาไม่มีรายการนี้,JR_บานยก_ฟูจิ
บานยก,มีแต่ในใบตัด,สกรูหัวจม #8x12 (06-015),,ยังไม่มี,,PCS,,,100×150 1 บาน,—,32,คิดราคาไม่มีรายการนี้,JR_บานยก_ฟูจิ
บานยก,มีแต่ในใบตัด,สกรูหัวนูน #8x10 (06-016),,ยังไม่มี,,PCS,,,100×150 1 บาน,—,8,คิดราคาไม่มีรายการนี้,JR_บานยก_ฟูจิ
บานยก,มีแต่ในใบตัด,สกรูหัวนูน #7x40 (06-017),,ยังไม่มี,,PCS,,,100×150 1 บาน,—,8,คิดราคาไม่มีรายการนี้,JR_บานยก_ฟูจิ
บานยก,มีแต่ในใบตัด,สกรูหัวนูน #8x38 (06-018),,ยังไม่มี,,PCS,,,100×150 1 บาน,—,8,คิดราคาไม่มีรายการนี้,JR_บานยก_ฟูจิ
บานเฟี้ยม ยูโร,อลูมิเนียม,F7968 เฟรมบนบานเฟี้ยม,F7968,มี,3262,เส้น,1,3262,180×280 2 บาน,,,ใบตัดไม่มีรายการนี้,JR_เฟี้ยมยูโร
บานเฟี้ยม ยูโร,อลูมิเนียม,เฟรมล่าง/รางยู,F7969,มี,1797.3,เส้น,1,1797.3,180×280 2 บาน,,,ใบตัดไม่มีรายการนี้,JR_เฟี้ยมยูโร
บานเฟี้ยม ยูโร,อลูมิเนียม,F7970 เฟรมข้างบานเฟี้ยม,F7970,มี,1106.5,เส้น,1,1106.5,180×280 2 บาน,,,ใบตัดไม่มีรายการนี้,JR_เฟี้ยมยูโร
บานเฟี้ยม ยูโร,อลูมิเนียม,F7971 คิ้วตบเฟรมข้าง,F7971,มี,520,เส้น,1,520,180×280 2 บาน,,,ใบตัดไม่มีรายการนี้,JR_เฟี้ยมยูโร
บานเฟี้ยม ยูโร,อลูมิเนียม,F7973 ตบปิดเฟรม (ตั้ง),F7973,มี,239,เส้น,1,239,180×280 2 บาน,,,ใบตัดไม่มีรายการนี้,JR_เฟี้ยมยูโร
บานเฟี้ยม ยูโร,อลูมิเนียม,F7973 ตบปิดเฟรม (นอน),F7973,มี,239,เส้น,1,239,180×280 2 บาน,,,ใบตัดไม่มีรายการนี้,JR_เฟี้ยมยูโร
บานเฟี้ยม ยูโร,อลูมิเนียม,F7972 กรอบบานเฟี้ยม (ตั้ง),F7972,มี,1735,เส้น,2,3470,180×280 2 บาน,,,ใบตัดไม่มีรายการนี้,JR_เฟี้ยมยูโร
บานเฟี้ยม ยูโร,อลูมิเนียม,F7972 กรอบบานเฟี้ยม (ขวาง 45°),F7972,มี,1735,เส้น,1,1735,180×280 2 บาน,,,ใบตัดไม่มีรายการนี้,JR_เฟี้ยมยูโร
บานเฟี้ยม ยูโร,อลูมิเนียม,F7974 ชนกลางบานคู่,F7974,มี,966.2,เส้น,1,966.2,180×280 2 บาน,,,ใบตัดไม่มีรายการนี้,JR_เฟี้ยมยูโร
บานเฟี้ยม ยูโร,อลูมิเนียม,F7961 รับล็อคเฟรมข้างบานคู่,F7961,มี,613,เส้น,1,613,180×280 2 บาน,,,ใบตัดไม่มีรายการนี้,JR_เฟี้ยมยูโร
บานเฟี้ยม ยูโร,อลูมิเนียม,คิ้วกระจก (ตั้ง),F7935,มี,453.3,เส้น,2,906.6,180×280 2 บาน,,,ใบตัดไม่มีรายการนี้,JR_เฟี้ยมยูโร
บานเฟี้ยม ยูโร,อลูมิเนียม,คิ้วกระจก (นอน),F7935,มี,453.3,เส้น,1,453.3,180×280 2 บาน,,,ใบตัดไม่มีรายการนี้,JR_เฟี้ยมยูโร
บานเฟี้ยม ยูโร,กระจก,กระจก เขียว 6มม.,,ยังไม่มี,264,ตร.ม.,5.04,1330.56,180×280 2 บาน,,,ใบตัดไม่มีรายการนี้,JR_เฟี้ยมยูโร
บานเฟี้ยม ยูโร,อุปกรณ์/สิ้นเปลือง,HD-640 บานพับล้อบน,HD-640,มี,299,ตัว,1,299,180×280 2 บาน,HD-640,1,ตรง,JR_เฟี้ยมยูโร
บานเฟี้ยม ยูโร,อุปกรณ์/สิ้นเปลือง,HD-641 บานพับเฟี้ยม,HD-641,มี,72,ตัว,10,720,180×280 2 บาน,HD-641,10,ตรง,JR_เฟี้ยมยูโร
บานเฟี้ยม ยูโร,อุปกรณ์/สิ้นเปลือง,HD-642 บานพับมือจับ,HD-642,มี,109,ตัว,1,109,180×280 2 บาน,HD-642,1,ตรง,JR_เฟี้ยมยูโร
บานเฟี้ยม ยูโร,อุปกรณ์/สิ้นเปลือง,HD-643 บานพับไกด์ล่าง,HD-643,มี,199,ตัว,1,199,180×280 2 บาน,HD-643,1,ตรง,JR_เฟี้ยมยูโร
บานเฟี้ยม ยูโร,อุปกรณ์/สิ้นเปลือง,HD-474 มือจับกลอน,JR00213,มี,85,ตัว,1,85,180×280 2 บาน,JR00213,1,ตรง,JR_เฟี้ยมยูโร
บานเฟี้ยม ยูโร,อุปกรณ์/สิ้นเปลือง,HD-312 ตลับกลอนล็อค,HD-312,มี,88,ตัว,1,88,180×280 2 บาน,HD-312,1,ตรง,JR_เฟี้ยมยูโร
บานเฟี้ยม ยูโร,อุปกรณ์/สิ้นเปลือง,HD-1180 ก้านสไลด์,HD-1180,มี,73,ตัว,2,146,180×280 2 บาน,HD-1180,2,ตรง,JR_เฟี้ยมยูโร
บานเฟี้ยม ยูโร,อุปกรณ์/สิ้นเปลือง,HD-213 ฉากเข้ามุม,HD-213,มี,15,ตัว,8,120,180×280 2 บาน,HD-213,8,ตรง,JR_เฟี้ยมยูโร
บานเฟี้ยม ยูโร,อุปกรณ์/สิ้นเปลือง,HD-200 ฉากประคองมุม,HD-200,มี,1.5,ตัว,24,36,180×280 2 บาน,HD-200,24,ตรง,JR_เฟี้ยมยูโร
บานเฟี้ยม ยูโร,อุปกรณ์/สิ้นเปลือง,ยางลูกโป่ง 6mm,JR00770,มี,7,ม.,60.2,421.4,180×280 2 บาน,JR00770,60.2,ตรง,JR_เฟี้ยมยูโร
บานเฟี้ยม ยูโร,อุปกรณ์/สิ้นเปลือง,สักหลาด 5mm,,ยังไม่มี,1.22,ม.,10.9,13.3,180×280 2 บาน,—,10.9,คิดราคายังไม่มีรหัส,JR_เฟี้ยมยูโร
บานเฟี้ยม ยูโร,อุปกรณ์/สิ้นเปลือง,ยางอัด,JR00768,มี,8,ม.,13.2,105.6,180×280 2 บาน,JR00768,13.2,ตรง,JR_เฟี้ยมยูโร
บานเฟี้ยม ยูโร,อุปกรณ์/สิ้นเปลือง,ยางรอง,JR00769,มี,8,ม.,13.2,105.6,180×280 2 บาน,JR00769,13.2,ตรง,JR_เฟี้ยมยูโร
บานเกล็ด,อุปกรณ์/สิ้นเปลือง,"เฟรม 1""×4"" (รอบ+เสาแบ่ง)",,ยังไม่มี,905,เส้น,2,1810,300×150 2 บาน,,,ยังไม่ผูกไฟล์,
บานเกล็ด,อุปกรณ์/สิ้นเปลือง,ขาเกล็ดโยก,,ยังไม่มี,1,ชุด,2880,2880,300×150 2 บาน,,,ยังไม่ผูกไฟล์,
บานเกล็ด,อุปกรณ์/สิ้นเปลือง,ใบเกล็ด,,ยังไม่มี,572,เส้น,9,5148,300×150 2 บาน,,,ยังไม่ผูกไฟล์,
บานเกล็ด,อุปกรณ์/สิ้นเปลือง,ยู4หุน เกล็ดติดตาย,,ยังไม่มี,1,ชุด,4.8,4.8,300×150 2 บาน,,,ยังไม่ผูกไฟล์,
บานติดตายดัดโค้ง,กระจก,กระจก เขียว 6มม.,,ยังไม่มี,264,ตร.ม.,0.5,132,100×50 1 บาน,,,ยังไม่ผูกไฟล์,
บานติดตายดัดโค้ง,อุปกรณ์/สิ้นเปลือง,ค่าดัดโค้ง (อลูทั้งชุด รวมกล่อง),,ยังไม่มี,1,ชุด,2086,2086,100×50 1 บาน,,,ยังไม่ผูกไฟล์,
บานติดตายดัดโค้ง,อุปกรณ์/สิ้นเปลือง,ซิลิโคน (ใน+นอก),JR00221,มี,90,หลอด,1,90,100×50 1 บาน,,,ยังไม่ผูกไฟล์,
บานติดตายดัดโค้ง,อุปกรณ์/สิ้นเปลือง,กล่องเปิด+ตบปิดเปิด,,ยังไม่มี,1849,เส้น,1,1849,100×50 1 บาน,,,ยังไม่ผูกไฟล์,
บานติดตายดัดโค้ง,อุปกรณ์/สิ้นเปลือง,ปัดขึ้นหลักร้อย,,ยังไม่มี,1,,43,43,100×50 1 บาน,,,ยังไม่ผูกไฟล์,
บานเปิดดัดโค้ง,กระจก,กระจก เทมเปอร์ 6มม.,,ยังไม่มี,403,ตร.ม.,2.16,870.48,90×240 1 บาน,,,ยังไม่ผูกไฟล์,
บานเปิดดัดโค้ง,อุปกรณ์/สิ้นเปลือง,ราคาบาน (สั่งร้านอื่น รวมอุปกรณ์),,ยังไม่มี,1,ชุด,16000,16000,90×240 1 บาน,,,ยังไม่ผูกไฟล์,
บานเปิดดัดโค้ง,อุปกรณ์/สิ้นเปลือง,ซิลิโคน (PU) ใน+นอก,JR00221,มี,90,หลอด,2,180,90×240 1 บาน,,,ยังไม่ผูกไฟล์,
ระแนงบังตา,อุปกรณ์/สิ้นเปลือง,ใบระแนง (กล่อง),,ยังไม่มี,1220,เส้น,9,10980,200×240 1 บาน,,,ยังไม่ผูกไฟล์,
ประตูรั้วบานเลื่อน,อลูมิเนียม,เสาตั้งข้าง (2×4),"กล่อง 2""x4""",มี,1540,เส้น,0.7635772860900512,1175.91,350×180 1 บาน,,,ใบตัดไม่มีรายการนี้,JR_ประตูรั้ว
ประตูรั้วบานเลื่อน,อลูมิเนียม,"เสานอนบน (2×4, รวมหาง)","กล่อง 2""x4""",มี,1540,เส้น,0.8819433699520345,1358.19,350×180 1 บาน,,,ใบตัดไม่มีรายการนี้,JR_ประตูรั้ว
ประตูรั้วบานเลื่อน,อลูมิเนียม,"เสานอนล่าง (2×4, รวมหาง)","กล่อง 2""x4""",มี,1540,เส้น,0.8819433699520345,1358.19,350×180 1 บาน,,,ใบตัดไม่มีรายการนี้,JR_ประตูรั้ว
ประตูรั้วบานเลื่อน,อลูมิเนียม,เสาตั้งท้ายหาง (2×4),"กล่อง 2""x4""",มี,1540,เส้น,0.3817886430450256,587.95,350×180 1 บาน,,,ใบตัดไม่มีรายการนี้,JR_ประตูรั้ว
ประตูรั้วบานเลื่อน,อลูมิเนียม,เส้นทแยงค้ำมุมบน (2×4),"กล่อง 2""x4""",มี,1540,เส้น,0.09074733096085409,139.75,350×180 1 บาน,,,ใบตัดไม่มีรายการนี้,JR_ประตูรั้ว
ประตูรั้วบานเลื่อน,อลูมิเนียม,ใบระแนง A (กล่อง 1×1.6″),"กล่อง 1""x1.6""",มี,485,เส้น,10,4850,350×180 1 บาน,,,ใบตัดไม่มีรายการนี้,JR_ประตูรั้ว
ประตูรั้วบานเลื่อน,อลูมิเนียม,เสารับไกด์ (4×4) — เสาแยก,"กล่อง 4""x4""",มี,2210,เส้น,1,2210,350×180 1 บาน,,,ใบตัดไม่มีรายการนี้,JR_ประตูรั้ว
ประตูรั้วบานเลื่อน,อลูมิเนียม,"ราง ฉากเหล็ก 1.5""+เพลา 4หุน (ชุด 6 ม.)",,ยังไม่มี,1090,เส้น,2,2180,350×180 1 บาน,,,ใบตัดไม่มีรายการนี้,JR_ประตูรั้ว
ประตูรั้วบานเลื่อน,อุปกรณ์/สิ้นเปลือง,"เหล็กยัดเสา 4""×4""",,ยังไม่มี,860,ชิ้น,1,860,350×180 1 บาน,,,ใบตัดไม่มีรายการนี้,JR_ประตูรั้ว
ประตูรั้วบานเลื่อน,อุปกรณ์/สิ้นเปลือง,"ล้อวิ่ง 3""",JR02942,มี,299,ตัว,2,598,350×180 1 บาน,JR02942,2,ตรง,JR_ประตูรั้ว
ประตูรั้วบานเลื่อน,อุปกรณ์/สิ้นเปลือง,ล้อไกด์ประคองหลัง,JR02943,มี,30,ตัว,4,120,350×180 1 บาน,JR02943,4,ตรง,JR_ประตูรั้ว
ประตูรั้วบานเลื่อน,อุปกรณ์/สิ้นเปลือง,มอเตอร์,,ยังไม่มี,16000,ตัว,1,16000,350×180 1 บาน,—,1,คิดราคายังไม่มีรหัส,JR_ประตูรั้ว
ระแนงสลับ (คละกล่อง 2 แบบ),อุปกรณ์/สิ้นเปลือง,กล่อง A (ใบระแนง),,ยังไม่มี,1220,เส้น,6,7320,400×200 1 บาน,,,ยังไม่ผูกไฟล์,
ระแนงสลับ (คละกล่อง 2 แบบ),อุปกรณ์/สิ้นเปลือง,กล่อง B (ใบระแนง),,ยังไม่มี,485,เส้น,9,4365,400×200 1 บาน,,,ยังไม่ผูกไฟล์,
ระแนงปรับหมุนได้,อุปกรณ์/สิ้นเปลือง,"ใบระแนง (กล่อง 1.6""×4"")",,ยังไม่มี,1220,เส้น,19,23180,200×240 1 บาน,,,ยังไม่ผูกไฟล์,
ระแนงปรับหมุนได้,อุปกรณ์/สิ้นเปลือง,"เพลาหมุน กล่อง 4""×4""",,ยังไม่มี,2208,เส้น,1,2208,200×240 1 บาน,,,ยังไม่ผูกไฟล์,
ระแนงปรับหมุนได้,อุปกรณ์/สิ้นเปลือง,มอเตอร์ระแนงหมุน,,ยังไม่มี,1800,ตัว,1,1800,200×240 1 บาน,,,ยังไม่ผูกไฟล์,
ระแนงปรับหมุนได้,อุปกรณ์/สิ้นเปลือง,อุปกรณ์หมุน+จุดหมุน,,ยังไม่มี,1,ชุด,9520,9520,200×240 1 บาน,,,ยังไม่ผูกไฟล์,
ราวกันตก/ราวบันได กระจก,กระจก,กระจก เทมเปอร์ใส 10มม.,,ยังไม่มี,695,ตร.ม.,3.3,2293.5,300×110 1 บาน,,,ยังไม่ผูกไฟล์,
ราวกันตก/ราวบันได กระจก,อุปกรณ์/สิ้นเปลือง,ยูเหล็กฐาน 6หุน×1½,JR00216,มี,225,เส้น6ม,0.5,112.5,300×110 1 บาน,,,ยังไม่ผูกไฟล์,
ราวกันตก/ราวบันได กระจก,อุปกรณ์/สิ้นเปลือง,เพลท 2 ฝั่ง,JR00241,มี,600,เส้น6ม,1,600,300×110 1 บาน,,,ยังไม่ผูกไฟล์,
ราวกันตก/ราวบันได กระจก,อุปกรณ์/สิ้นเปลือง,"อลูครอบ 2""×6""",JR00266,มี,3207,เส้น6ม,0.5,1603.5,300×110 1 บาน,,,ยังไม่ผูกไฟล์,
ราวกันตก/ราวบันได กระจก,อุปกรณ์/สิ้นเปลือง,PU ยิงร่อง (2ฝั่ง),JR00257,มี,90,หลอด,2,180,300×110 1 บาน,,,ยังไม่ผูกไฟล์,
ราวกันตก/ราวบันได กระจก,อุปกรณ์/สิ้นเปลือง,ค่าแรง (ผลิต+ติดตั้ง),,ยังไม่มี,1575,งาน,1,1575,300×110 1 บาน,,,ยังไม่ผูกไฟล์,
อลูลูกฟูกทึบ / คอมโพสิต,อุปกรณ์/สิ้นเปลือง,อลูลูกฟูกทึบ / คอมโพสิต ลูกฟูก 2 ทาง (ปัดสูง 2.4→3ม.),,ยังไม่มี,3500,ตร.ม.,6,21000,200×240 1 บาน,,,ยังไม่ผูกไฟล์,
ระแนงบานเกล็ดอลู (ลูกฟูกเรียบ 2 หน้า · ข้อ 38.1),อุปกรณ์/สิ้นเปลือง,ระแนงบานเกล็ดอลู (ลูกฟูกเรียบ 2 หน้า · ข้อ 38.1),,ยังไม่มี,0,ตร.ม.,4.8,0,200×240 1 บาน,,,ยังไม่ผูกไฟล์,
ระแนงเลื่อน (ลูกฟูกเรียบ 2 ทาง · ข้อ 38.2),อลูมิเนียม,เฟรมบน B22001,B22001,มี,1283,เส้น,1,1283,300×240 2 บาน,,,ยังไม่ผูกไฟล์,
ระแนงเลื่อน (ลูกฟูกเรียบ 2 ทาง · ข้อ 38.2),อลูมิเนียม,เฟรมข้าง B22002,B22002,มี,1070,เส้น,1,1070,300×240 2 บาน,,,ยังไม่ผูกไฟล์,
ระแนงเลื่อน (ลูกฟูกเรียบ 2 ทาง · ข้อ 38.2),อลูมิเนียม,เฟรมล่างกันน้ำ (ภายนอก) B20041,B20041,มี,2150.5,เส้น,1,2150.5,300×240 2 บาน,,,ยังไม่ผูกไฟล์,
ระแนงเลื่อน (ลูกฟูกเรียบ 2 ทาง · ข้อ 38.2),อลูมิเนียม,เสากุญแจ ML B20051,B20051,มี,919.5,เส้น,1,919.5,300×240 2 บาน,,,ยังไม่ผูกไฟล์,
ระแนงเลื่อน (ลูกฟูกเรียบ 2 ทาง · ข้อ 38.2),อลูมิเนียม,เสาเกี่ยวธรรมดา B20009,B20009,มี,716.8,เส้น,1,716.8,300×240 2 บาน,,,ยังไม่ผูกไฟล์,
ระแนงเลื่อน (ลูกฟูกเรียบ 2 ทาง · ข้อ 38.2),อลูมิเนียม,ขวางบน/ล่าง B20054,B20054,มี,1101.2,เส้น,1,1101.2,300×240 2 บาน,,,ยังไม่ผูกไฟล์,
ระแนงเลื่อน (ลูกฟูกเรียบ 2 ทาง · ข้อ 38.2),อลูมิเนียม,ตบปิดเฟรม B20019,B20019,มี,181.8,เส้น,2,363.6,300×240 2 บาน,,,ยังไม่ผูกไฟล์,
ระแนงเลื่อน (ลูกฟูกเรียบ 2 ทาง · ข้อ 38.2),อลูมิเนียม,ตบราง (ภายนอก) B20050,B20050,มี,150.7,เส้น,1,150.7,300×240 2 บาน,,,ยังไม่ผูกไฟล์,
ระแนงเลื่อน (ลูกฟูกเรียบ 2 ทาง · ข้อ 38.2),อุปกรณ์/สิ้นเปลือง,ลูกฟูก2ทาง (แทนกระจก),JR00206,มี,432,เส้น6ม,15,6480,300×240 2 บาน,,,ยังไม่ผูกไฟล์,
ระแนงเลื่อน (ลูกฟูกเรียบ 2 ทาง · ข้อ 38.2),อุปกรณ์/สิ้นเปลือง,ล้อ 27 (2/บาน),JR00228,มี,80,ตัว,4,320,300×240 2 บาน,,,ยังไม่ผูกไฟล์,
ระแนงเลื่อน (ลูกฟูกเรียบ 2 ทาง · ข้อ 38.2),อุปกรณ์/สิ้นเปลือง,มือจับ Align (2/บาน),JR00378,มี,99,ตัว,4,396,300×240 2 บาน,,,ยังไม่ผูกไฟล์,
ระแนงเลื่อน (ลูกฟูกเรียบ 2 ทาง · ข้อ 38.2),อุปกรณ์/สิ้นเปลือง,ชุดล็อค,JR00246,มี,189,ชุด,2,378,300×240 2 บาน,,,ยังไม่ผูกไฟล์,
ระแนงเลื่อน (ลูกฟูกเรียบ 2 ทาง · ข้อ 38.2),อุปกรณ์/สิ้นเปลือง,น็อต,JR00226,มี,1,ตัว,16,16,300×240 2 บาน,,,ยังไม่ผูกไฟล์,
ระแนงเลื่อน (ลูกฟูกเรียบ 2 ทาง · ข้อ 38.2),อุปกรณ์/สิ้นเปลือง,ล้อลูกฟูก (=จำนวนลูกฟูก),JR00209,มี,7,ตัว,30,210,300×240 2 บาน,,,ยังไม่ผูกไฟล์,
ระแนงเลื่อน (ลูกฟูกเรียบ 2 ทาง · ข้อ 38.2),อุปกรณ์/สิ้นเปลือง,ดาม กล่อง1×1 (นอก+ใน กลาง),,ยังไม่มี,310,เส้น6ม,1,310,300×240 2 บาน,,,ยังไม่ผูกไฟล์,
ระแนงเลื่อน (ลูกฟูกเรียบ 2 ทาง · ข้อ 38.2),อุปกรณ์/สิ้นเปลือง,สักหลาด,JR00242,มี,1.5,ม.,55.8,83.7,300×240 2 บาน,,,ยังไม่ผูกไฟล์,
ระแนงเลื่อน (ลูกฟูกเรียบ 2 ทาง · ข้อ 38.2),อุปกรณ์/สิ้นเปลือง,ซิลิโคน,JR00221,มี,90,หลอด,2,180,300×240 2 บาน,,,ยังไม่ผูกไฟล์,
"ระแนงหมุนเปิด-ปิด (กล่อง 1""x4"" โชว์ 4"" · ข้อ 38.3)",อุปกรณ์/สิ้นเปลือง,"ระแนงหมุนเปิด-ปิด (กล่อง 1""x4"" โชว์ 4"" · ข้อ 38.3)",,ยังไม่มี,0,ตร.ม.,4.8,0,200×240 1 บาน,,,ยังไม่ผูกไฟล์,
หลังคา,อลูมิเนียม,จันทันรัดรอบ (กว้าง หน้า-หลัง),"กล่อง 1.6""x4""",มี,1220,เส้น,1.3906162722084003,1696.55,400×200 1 บาน,,,ยังไม่ผูกไฟล์,
หลังคา,อลูมิเนียม,จันทันรัดรอบ (ยื่น ข้าง),"กล่อง 1.6""x4""",มี,1220,เส้น,0.6657347987038496,812.2,400×200 1 บาน,,,ยังไม่ผูกไฟล์,
หลังคา,อลูมิเนียม,จันทันซอย 1.6×4,"กล่อง 1.6""x4""",มี,1220,เส้น,2.330071795463473,2842.69,400×200 1 บาน,,,ยังไม่ผูกไฟล์,
หลังคา,อลูมิเนียม,แป (ยัดในช่อง) — เดี่ยว,"กล่อง 1.6""x1.6""",มี,770,เส้น,4,3080,400×200 1 บาน,,,ยังไม่ผูกไฟล์,
หลังคา,อลูมิเนียม,กล่องครอบเพลท 1.6×4,"กล่อง 1.6""x4""",มี,1220,เส้น,0.6135771336242766,748.56,400×200 1 บาน,,,ยังไม่ผูกไฟล์,
หลังคา,อลูมิเนียม,ฉาก 6 หุน,ฉาก 6 หุน,มี,140,เส้น,1,140,400×200 1 บาน,,,ยังไม่ผูกไฟล์,
หลังคา,อลูมิเนียม,"แซด 4""","แซด 4""",มี,140,เส้น,1,140,400×200 1 บาน,,,ยังไม่ผูกไฟล์,
หลังคา,อลูมิเนียม,รัดรอบ (หน้า),"กล่อง 1""x1.5""",มี,393,เส้น,0.9963087789673591,391.55,400×200 1 บาน,,,ยังไม่ผูกไฟล์,
หลังคา,อลูมิเนียม,รัดรอบ (ข้าง),"กล่อง 1""x1.5""",มี,393,เส้น,1.003691221032641,394.45,400×200 1 บาน,,,ยังไม่ผูกไฟล์,
หลังคา,อุปกรณ์/สิ้นเปลือง,"กล่องเหล็ก 1""×1""",,ยังไม่มี,110,เส้น,7,770,400×200 1 บาน,,,ยังไม่ผูกไฟล์,
หลังคา,อุปกรณ์/สิ้นเปลือง,เพลทเหล็ก,,ยังไม่มี,15,แผ่น,14,210,400×200 1 บาน,,,ยังไม่ผูกไฟล์,
หลังคา,อุปกรณ์/สิ้นเปลือง,รางน้ำอลู,,ยังไม่มี,2273,เส้น,1,2273,400×200 1 บาน,,,ยังไม่ผูกไฟล์,
หลังคา,อุปกรณ์/สิ้นเปลือง,แผ่นไวนิล (7ม.),,ยังไม่มี,1540,แผ่น,6,9240,400×200 1 บาน,,,ยังไม่ผูกไฟล์,
หลังคา,อุปกรณ์/สิ้นเปลือง,ฝาครอบไวนิล,,ยังไม่มี,245,เส้น,16,3920,400×200 1 บาน,,,ยังไม่ผูกไฟล์,
หลังคาจั่ว,อลูมิเนียม,จันทัน 1.6×4 (2 ฝั่ง),"กล่อง 1.6""x4""",มี,1220,เส้น,4,4880,400×200 1 บาน,,,ยังไม่ผูกไฟล์,
หลังคาจั่ว,อลูมิเนียม,สัน/อกไก่ 4×4,"กล่อง 4""x4""",มี,2208,เส้น,0.3724489795918367,822.37,400×200 1 บาน,,,ยังไม่ผูกไฟล์,
หลังคาจั่ว,อลูมิเนียม,คานตัว T คานนอน 4×4,"กล่อง 4""x4""",มี,2208,เส้น,2.2346938775510203,4934.2,400×200 1 บาน,,,ยังไม่ผูกไฟล์,
หลังคาจั่ว,อลูมิเนียม,คานตัว T เสาตั้ง 4×4,"กล่อง 4""x4""",มี,2208,เส้น,0.8229984301412874,1817.18,400×200 1 บาน,,,ยังไม่ผูกไฟล์,
หลังคาจั่ว,อลูมิเนียม,แป 1×1½,"กล่อง 1""x1.5""",มี,393,เส้น,6.999999999999999,2751,400×200 1 บาน,,,ยังไม่ผูกไฟล์,
หลังคาจั่ว,อลูมิเนียม,รัดรอบ 4×4 (แนวยื่น 2 ข้าง),"กล่อง 4""x4""",มี,2208,เส้น,0.7849293563579277,1733.12,400×200 1 บาน,,,ยังไม่ผูกไฟล์,
หลังคาจั่ว,อลูมิเนียม,รัดรอบ 4×4 (แนวกว้าง ปลาย),"กล่อง 4""x4""",มี,2208,เส้น,0.7849293563579277,1733.12,400×200 1 บาน,,,ยังไม่ผูกไฟล์,
หลังคาจั่ว,อุปกรณ์/สิ้นเปลือง,ฉาก 6 หุน (2 ชายคา),,ยังไม่มี,140,เส้น,2,280,400×200 1 บาน,,,ยังไม่ผูกไฟล์,
หลังคาจั่ว,อุปกรณ์/สิ้นเปลือง,"แซด 4"" (2 ชายคา)",,ยังไม่มี,140,เส้น,2,280,400×200 1 บาน,,,ยังไม่ผูกไฟล์,
หลังคาจั่ว,อุปกรณ์/สิ้นเปลือง,"กล่องเหล็ก 1""×1""",,ยังไม่มี,110,เส้น,8,880,400×200 1 บาน,,,ยังไม่ผูกไฟล์,
หลังคาจั่ว,อุปกรณ์/สิ้นเปลือง,เพลทเหล็ก,,ยังไม่มี,15,แผ่น,16,240,400×200 1 บาน,,,ยังไม่ผูกไฟล์,
หลังคาจั่ว,อุปกรณ์/สิ้นเปลือง,รางน้ำอลู,,ยังไม่มี,2273,เส้น,2,4546,400×200 1 บาน,,,ยังไม่ผูกไฟล์,
หลังคาจั่ว,อุปกรณ์/สิ้นเปลือง,แผ่นไวนิล (2 ด้าน),,ยังไม่มี,1540,แผ่น,8,12320,400×200 1 บาน,,,ยังไม่ผูกไฟล์,
หลังคาจั่ว,อุปกรณ์/สิ้นเปลือง,ฝาครอบไวนิล (2 ด้าน),,ยังไม่มี,245,เส้น,16,3920,400×200 1 บาน,,,ยังไม่ผูกไฟล์,
หลังคาเลื่อน (เปิด-ปิดได้),อุปกรณ์/สิ้นเปลือง,จันทัน 1.6×4 (ติดตาย),,ยังไม่มี,1220,เส้น,5,6100,400×200 2 บาน,,,ยังไม่ผูกไฟล์,
หลังคาเลื่อน (เปิด-ปิดได้),อุปกรณ์/สิ้นเปลือง,แป กล่อง (ติดตาย) — เดี่ยว,,ยังไม่มี,770,เส้น,5,3850,400×200 2 บาน,,,ยังไม่ผูกไฟล์,
หลังคาเลื่อน (เปิด-ปิดได้),อุปกรณ์/สิ้นเปลือง,ฉาก 6 หุน (ติดตาย),,ยังไม่มี,140,เส้น,1,140,400×200 2 บาน,,,ยังไม่ผูกไฟล์,
หลังคาเลื่อน (เปิด-ปิดได้),อุปกรณ์/สิ้นเปลือง,"แซด 4"" (ติดตาย)",,ยังไม่มี,140,เส้น,1,140,400×200 2 บาน,,,ยังไม่ผูกไฟล์,
หลังคาเลื่อน (เปิด-ปิดได้),อุปกรณ์/สิ้นเปลือง,กล่องเหล็ก 1×1 (ติดตาย),,ยังไม่มี,110,เส้น,5,550,400×200 2 บาน,,,ยังไม่ผูกไฟล์,
หลังคาเลื่อน (เปิด-ปิดได้),อุปกรณ์/สิ้นเปลือง,เพลทเหล็ก (ติดตาย),,ยังไม่มี,15,แผ่น,10,150,400×200 2 บาน,,,ยังไม่ผูกไฟล์,
หลังคาเลื่อน (เปิด-ปิดได้),อุปกรณ์/สิ้นเปลือง,แผ่นไวนิล (ติดตาย),,ยังไม่มี,1540,แผ่น,6,9240,400×200 2 บาน,,,ยังไม่ผูกไฟล์,
หลังคาเลื่อน (เปิด-ปิดได้),อุปกรณ์/สิ้นเปลือง,ฝาครอบไวนิล (ติดตาย),,ยังไม่มี,245,เส้น,16,3920,400×200 2 บาน,,,ยังไม่ผูกไฟล์,
หลังคาเลื่อน (เปิด-ปิดได้),อุปกรณ์/สิ้นเปลือง,จันทัน 1.6×4 (เลื่อน),,ยังไม่มี,1220,เส้น,6,7320,400×200 2 บาน,,,ยังไม่ผูกไฟล์,
หลังคาเลื่อน (เปิด-ปิดได้),อุปกรณ์/สิ้นเปลือง,แป กล่อง (เลื่อน) — เดี่ยว,,ยังไม่มี,770,เส้น,8,6160,400×200 2 บาน,,,ยังไม่ผูกไฟล์,
หลังคาเลื่อน (เปิด-ปิดได้),อุปกรณ์/สิ้นเปลือง,ฉาก 6 หุน (เลื่อน),,ยังไม่มี,140,เส้น,2,280,400×200 2 บาน,,,ยังไม่ผูกไฟล์,
หลังคาเลื่อน (เปิด-ปิดได้),อุปกรณ์/สิ้นเปลือง,"แซด 4"" (เลื่อน)",,ยังไม่มี,140,เส้น,2,280,400×200 2 บาน,,,ยังไม่ผูกไฟล์,
หลังคาเลื่อน (เปิด-ปิดได้),อุปกรณ์/สิ้นเปลือง,กล่องเหล็ก 1×1 (เลื่อน),,ยังไม่มี,110,เส้น,6,660,400×200 2 บาน,,,ยังไม่ผูกไฟล์,
หลังคาเลื่อน (เปิด-ปิดได้),อุปกรณ์/สิ้นเปลือง,เพลทเหล็ก (เลื่อน),,ยังไม่มี,15,แผ่น,12,180,400×200 2 บาน,,,ยังไม่ผูกไฟล์,
หลังคาเลื่อน (เปิด-ปิดได้),อุปกรณ์/สิ้นเปลือง,แผ่นไวนิล (เลื่อน),,ยังไม่มี,1540,แผ่น,4,6160,400×200 2 บาน,,,ยังไม่ผูกไฟล์,
หลังคาเลื่อน (เปิด-ปิดได้),อุปกรณ์/สิ้นเปลือง,ฝาครอบไวนิล (เลื่อน),,ยังไม่มี,245,เส้น,12,2940,400×200 2 บาน,,,ยังไม่ผูกไฟล์,
หลังคาเลื่อน (เปิด-ปิดได้),อุปกรณ์/สิ้นเปลือง,ราง (2 ฝั่ง),,ยังไม่มี,4080,เส้น,0.65,2652,400×200 2 บาน,,,ยังไม่ผูกไฟล์,
ฝ้ายิปซัม (ฉาบเรียบ ทาสีขาว),อุปกรณ์/สิ้นเปลือง,แผ่นยิปซัม 9มม. (1.2×2.4),,ยังไม่มี,284,แผ่น,12,3408,500×600 1 บาน,,,ยังไม่ผูกไฟล์,
ฝ้ายิปซัม (ฉาบเรียบ ทาสีขาว),อุปกรณ์/สิ้นเปลือง,โครงซีไลน์ (ฟิวริ่ง),,ยังไม่มี,50,เส้น,19,950,500×600 1 บาน,,,ยังไม่ผูกไฟล์,
ฝ้ายิปซัม (ฉาบเรียบ ทาสีขาว),อุปกรณ์/สิ้นเปลือง,โครงเคร่าหลัก (อาบ),,ยังไม่มี,50,เส้น,8,400,500×600 1 บาน,,,ยังไม่ผูกไฟล์,
ฝ้ายิปซัม (ฉาบเรียบ ทาสีขาว),อุปกรณ์/สิ้นเปลือง,ขาแขวน,,ยังไม่มี,50,เส้น,3,150,500×600 1 บาน,,,ยังไม่ผูกไฟล์,
ฝ้ายิปซัม (ฉาบเรียบ ทาสีขาว),อุปกรณ์/สิ้นเปลือง,สกรูยึดแผ่น,,ยังไม่มี,0.5,ตัว,450,225,500×600 1 บาน,,,ยังไม่ผูกไฟล์,
ฝ้ายิปซัม (ฉาบเรียบ ทาสีขาว),อุปกรณ์/สิ้นเปลือง,สกรูยึดโครง,,ยังไม่มี,0.5,ตัว,150,75,500×600 1 บาน,,,ยังไม่ผูกไฟล์,
ฝ้ายิปซัม (ฉาบเรียบ ทาสีขาว),อุปกรณ์/สิ้นเปลือง,ปูนฉาบรอยต่อ,,ยังไม่มี,240,ถุง,1,240,500×600 1 บาน,,,ยังไม่ผูกไฟล์,
ฝ้ายิปซัม (ฉาบเรียบ ทาสีขาว),อุปกรณ์/สิ้นเปลือง,เทป/ตาข่าย,,ยังไม่มี,70,ม้วน,1,70,500×600 1 บาน,,,ยังไม่ผูกไฟล์,
ฝ้ายิปซัม (ฉาบเรียบ ทาสีขาว),อุปกรณ์/สิ้นเปลือง,ฉากโอบ อลู 4หุน (เส้น 6ม.),,ยังไม่มี,70,เส้น,4,280,500×600 1 บาน,,,ยังไม่ผูกไฟล์,
ฝ้ายิปซัม (ฉาบเรียบ ทาสีขาว),อุปกรณ์/สิ้นเปลือง,ค่าแรง (ติดโครง+แผ่น+ฉาบ+ทาสี),,ยังไม่มี,280,ตร.ม.,30,8400,500×600 1 บาน,,,ยังไม่ผูกไฟล์,
ผนังสมาร์ทบอร์ด 12มม. (2 หน้า),อุปกรณ์/สิ้นเปลือง,แผ่นสมาร์ทบอร์ด 12มม. (2 หน้า),,ยังไม่มี,500,แผ่น,7,3500,300×270 1 บาน,,,ยังไม่ผูกไฟล์,
ผนังสมาร์ทบอร์ด 12มม. (2 หน้า),อุปกรณ์/สิ้นเปลือง,"โครงเหล็กกรอบ 1½×3"" (รอบ)",,ยังไม่มี,440,เส้น,2,880,300×270 1 บาน,,,ยังไม่ผูกไฟล์,
ผนังสมาร์ทบอร์ด 12มม. (2 หน้า),อุปกรณ์/สิ้นเปลือง,"ซีไลน์ 3"" เสาตั้ง (ดิ่ง) @0.60",,ยังไม่มี,62,เส้น,4,248,300×270 1 บาน,,,ยังไม่ผูกไฟล์,
ผนังสมาร์ทบอร์ด 12มม. (2 หน้า),อุปกรณ์/สิ้นเปลือง,"ซีไลน์ 3"" ถักนอน (ราบ) @0.40",,ยังไม่มี,62,เส้น,6,372,300×270 1 บาน,,,ยังไม่ผูกไฟล์,
ผนังสมาร์ทบอร์ด 12มม. (2 หน้า),อุปกรณ์/สิ้นเปลือง,"ฉนวน 3"" (60×120)",,ยังไม่มี,130,แผ่น,12,1560,300×270 1 บาน,,,ยังไม่ผูกไฟล์,
ผนังสมาร์ทบอร์ด 12มม. (2 หน้า),อุปกรณ์/สิ้นเปลือง,สกรูยึดแผ่น (2 หน้า),,ยังไม่มี,0.5,ตัว,243,121.5,300×270 1 บาน,,,ยังไม่ผูกไฟล์,
ผนังสมาร์ทบอร์ด 12มม. (2 หน้า),อุปกรณ์/สิ้นเปลือง,สกรูยึดโครง,,ยังไม่มี,0.5,ตัว,81,40.5,300×270 1 บาน,,,ยังไม่ผูกไฟล์,
ผนังสมาร์ทบอร์ด 12มม. (2 หน้า),อุปกรณ์/สิ้นเปลือง,ปูนฉาบรอยต่อ (2 หน้า),,ยังไม่มี,240,ถุง,1,240,300×270 1 บาน,,,ยังไม่ผูกไฟล์,
ผนังสมาร์ทบอร์ด 12มม. (2 หน้า),อุปกรณ์/สิ้นเปลือง,เทป/ตาข่าย (2 หน้า),,ยังไม่มี,70,ม้วน,1,70,300×270 1 บาน,,,ยังไม่ผูกไฟล์,
ผนังสมาร์ทบอร์ด 12มม. (2 หน้า),อุปกรณ์/สิ้นเปลือง,ค่าแรงผลิต,,ยังไม่มี,700,ตร.ม.,8.1,5670,300×270 1 บาน,,,ยังไม่ผูกไฟล์,
ผนังสมาร์ทบอร์ด 12มม. (2 หน้า),อุปกรณ์/สิ้นเปลือง,ค่าแรงติดตั้ง,,ยังไม่มี,400,ตร.ม.,8.1,3240,300×270 1 บาน,,,ยังไม่ผูกไฟล์,
ผนังไอโซวอล 100มม.,อุปกรณ์/สิ้นเปลือง,แผ่นไอโซวอล 100มม. (>2.4ม.),,ยังไม่มี,2520,แผ่น,3,7560,300×270 1 บาน,,,ยังไม่ผูกไฟล์,
ผนังไอโซวอล 100มม.,อุปกรณ์/สิ้นเปลือง,"กล่อง 1.6×4"" โครงรอบ (เส้น 6ม.)",,ยังไม่มี,1220,เส้น,2,2440,300×270 1 บาน,,,ยังไม่ผูกไฟล์,
ผนังไอโซวอล 100มม.,อุปกรณ์/สิ้นเปลือง,ฉาก 4หุน นอก+ใน (เส้น 6ม.),,ยังไม่มี,70,เส้น,4,280,300×270 1 บาน,,,ยังไม่ผูกไฟล์,
ผนังไอโซวอล 100มม.,อุปกรณ์/สิ้นเปลือง,สกรู/รีเวท + ยึด (เหมา),,ยังไม่มี,50,งาน,1,50,300×270 1 บาน,,,ยังไม่ผูกไฟล์,
ผนังไอโซวอล 100มม.,อุปกรณ์/สิ้นเปลือง,ซิลิโคน/ซีล,JR00221,มี,90,หลอด,4,360,300×270 1 บาน,,,ยังไม่ผูกไฟล์,
ผนังไอโซวอล 100มม.,อุปกรณ์/สิ้นเปลือง,ค่าแรงผลิต,,ยังไม่มี,700,ตร.ม.,8.1,5670,300×270 1 บาน,,,ยังไม่ผูกไฟล์,
ผนังไอโซวอล 100มม.,อุปกรณ์/สิ้นเปลือง,ค่าแรงติดตั้ง,,ยังไม่มี,440,ตร.ม.,8.1,3564,300×270 1 บาน,,,ยังไม่ผูกไฟล์,
ผนังอลูลูกฟูก (รวมโครง),อุปกรณ์/สิ้นเปลือง,"แผ่นอลูลูกฟูก (ต้นทุน ≈ ขาย R3.9 3,500 ÷2)",,ยังไม่มี,1750,ตร.ม.,8.1,14175,300×270 1 บาน,,,ยังไม่ผูกไฟล์,
ผนังอลูลูกฟูก (รวมโครง),อุปกรณ์/สิ้นเปลือง,"โครงเหล็กกรอบ 1½×3"" (รอบ)",,ยังไม่มี,440,เส้น,2,880,300×270 1 บาน,,,ยังไม่ผูกไฟล์,
ผนังอลูลูกฟูก (รวมโครง),อุปกรณ์/สิ้นเปลือง,"ซีไลน์ 3"" เสาตั้ง (ดิ่ง) @0.60",,ยังไม่มี,62,เส้น,4,248,300×270 1 บาน,,,ยังไม่ผูกไฟล์,
ผนังอลูลูกฟูก (รวมโครง),อุปกรณ์/สิ้นเปลือง,"ซีไลน์ 3"" ถักนอน (ราบ) @0.40",,ยังไม่มี,62,เส้น,6,372,300×270 1 บาน,,,ยังไม่ผูกไฟล์,
ผนังอลูลูกฟูก (รวมโครง),อุปกรณ์/สิ้นเปลือง,สกรู/รีเวท ยึดแผ่น+โครง,,ยังไม่มี,0.5,ตัว,162,81,300×270 1 บาน,,,ยังไม่ผูกไฟล์,
ผนังอลูลูกฟูก (รวมโครง),อุปกรณ์/สิ้นเปลือง,ค่าแรงผลิต,,ยังไม่มี,700,ตร.ม.,8.1,5670,300×270 1 บาน,,,ยังไม่ผูกไฟล์,
ผนังอลูลูกฟูก (รวมโครง),อุปกรณ์/สิ้นเปลือง,ค่าแรงติดตั้ง,,ยังไม่มี,400,ตร.ม.,8.1,3240,300×270 1 บาน,,,ยังไม่ผูกไฟล์,
ผนังคอมโพสิต (รวมโครง),อุปกรณ์/สิ้นเปลือง,"แผ่นคอมโพสิต 4มม. (ต้นทุน ≈ ขาย R3.9 4,000 ÷2)",,ยังไม่มี,2000,ตร.ม.,8.1,16200,300×270 1 บาน,,,ยังไม่ผูกไฟล์,
ผนังคอมโพสิต (รวมโครง),อุปกรณ์/สิ้นเปลือง,"โครงเหล็กกรอบ 1½×3"" (รอบ)",,ยังไม่มี,440,เส้น,2,880,300×270 1 บาน,,,ยังไม่ผูกไฟล์,
ผนังคอมโพสิต (รวมโครง),อุปกรณ์/สิ้นเปลือง,"ซีไลน์ 3"" เสาตั้ง (ดิ่ง) @0.60",,ยังไม่มี,62,เส้น,4,248,300×270 1 บาน,,,ยังไม่ผูกไฟล์,
ผนังคอมโพสิต (รวมโครง),อุปกรณ์/สิ้นเปลือง,"ซีไลน์ 3"" ถักนอน (ราบ) @0.40",,ยังไม่มี,62,เส้น,6,372,300×270 1 บาน,,,ยังไม่ผูกไฟล์,
ผนังคอมโพสิต (รวมโครง),อุปกรณ์/สิ้นเปลือง,สกรู/รีเวท ยึดแผ่น+โครง,,ยังไม่มี,0.5,ตัว,162,81,300×270 1 บาน,,,ยังไม่ผูกไฟล์,
ผนังคอมโพสิต (รวมโครง),อุปกรณ์/สิ้นเปลือง,ค่าแรงผลิต,,ยังไม่มี,700,ตร.ม.,8.1,5670,300×270 1 บาน,,,ยังไม่ผูกไฟล์,
ผนังคอมโพสิต (รวมโครง),อุปกรณ์/สิ้นเปลือง,ค่าแรงติดตั้ง,,ยังไม่มี,400,ตร.ม.,8.1,3240,300×270 1 บาน,,,ยังไม่ผูกไฟล์,
ฝ้าระแนงอลู 1×5 ซม. (โชว์ 1 เว้น 5),อุปกรณ์/สิ้นเปลือง,ใบระแนง (กล่อง 1X5),,ยังไม่มี,500,เส้น,34,17000,300×400 1 บาน,,,ยังไม่ผูกไฟล์,
ฝ้าระแนงอลู 1×5 ซม. (โชว์ 1 เว้น 5),อุปกรณ์/สิ้นเปลือง,ส่วนลดปริมาณ 5% (พื้นที่ 12 ตร.ม.),,ยังไม่มี,-1900,,1,-1900,300×400 1 บาน,,,ยังไม่ผูกไฟล์,
"ฝ้าระแนงอลู 1.6"" (โชว์ 1"" เว้น 5)",อุปกรณ์/สิ้นเปลือง,ใบระแนง (กล่อง 1X1.6),,ยังไม่มี,485,เส้น,27,13095,300×400 1 บาน,,,ยังไม่ผูกไฟล์,
"ฝ้าระแนงอลู 1.6"" (โชว์ 1"" เว้น 5)",อุปกรณ์/สิ้นเปลือง,ส่วนลดปริมาณ 5% (พื้นที่ 12 ตร.ม.),,ยังไม่มี,-1500,,1,-1500,300×400 1 บาน,,,ยังไม่ผูกไฟล์,
"ฝ้าระแนงอลู 1.6"" (โชว์ 1"" เว้น 2)",อุปกรณ์/สิ้นเปลือง,ใบระแนง (กล่อง 1X1.6),,ยังไม่มี,485,เส้น,45,21825,300×400 1 บาน,,,ยังไม่ผูกไฟล์,
"ฝ้าระแนงอลู 1.6"" (โชว์ 1"" เว้น 2)",อุปกรณ์/สิ้นเปลือง,ส่วนลดปริมาณ 5% (พื้นที่ 12 ตร.ม.),,ยังไม่มี,-2400,,1,-2400,300×400 1 บาน,,,ยังไม่ผูกไฟล์,
ฝ้าไม้เทียม / ฝ้าอลู,อุปกรณ์/สิ้นเปลือง,เส้นฝ้า (ตามรุ่น),,ยังไม่มี,420,หน่วย,24,10080,300×400 1 บาน,,,ยังไม่ผูกไฟล์,
ฝ้าไม้เทียม / ฝ้าอลู,อุปกรณ์/สิ้นเปลือง,ขาจับฝ้า (ไม้ทิพย์),,ยังไม่มี,190,เส้น,12,2280,300×400 1 บาน,,,ยังไม่ผูกไฟล์,
ฝ้าไม้เทียม / ฝ้าอลู,อุปกรณ์/สิ้นเปลือง,ฉากเก็บขอบรอบ,,ยังไม่มี,70,เส้น,3,210,300×400 1 บาน,,,ยังไม่ผูกไฟล์,
ฝ้าไม้เทียม / ฝ้าอลู,อุปกรณ์/สิ้นเปลือง,โครงซีไลน์ (มาตรฐาน @1.2),,ยังไม่มี,50,เส้น,4,200,300×400 1 บาน,,,ยังไม่ผูกไฟล์,
ฝ้าไม้เทียม / ฝ้าอลู,อุปกรณ์/สิ้นเปลือง,ค่าแรง (ผลิต+ติดตั้ง),,ยังไม่มี,352,ตร.ม.,12,4224,300×400 1 บาน,,,ยังไม่ผูกไฟล์,
มุ้งเฟรมเล็ก,อุปกรณ์/สิ้นเปลือง,เสา (เส้น 6ม.),,ยังไม่มี,625,เส้น,3,1875,600×300 3 บาน,,,ยังไม่ผูกไฟล์,
มุ้งเฟรมเล็ก,อุปกรณ์/สิ้นเปลือง,ขวาง (เส้น 6ม.),,ยังไม่มี,625,เส้น,2,1250,600×300 3 บาน,,,ยังไม่ผูกไฟล์,
มุ้งเฟรมเล็ก,อุปกรณ์/สิ้นเปลือง,ยางอัด (ม.),,ยังไม่มี,5,ม.,30,150,600×300 3 บาน,,,ยังไม่ผูกไฟล์,
มุ้งเฟรมเล็ก,อุปกรณ์/สิ้นเปลือง,ผ้ามุ้ง ไฟเบอร์,,ยังไม่มี,23,ตร.ม.,18,414,600×300 3 บาน,,,ยังไม่ผูกไฟล์,
มุ้งเฟรมใหญ่,อุปกรณ์/สิ้นเปลือง,เสากุญแจบาน 20051 (เส้น 6ม.),JR00256,มี,885,เส้น,3,2655,600×300 3 บาน,,,ยังไม่ผูกไฟล์,
มุ้งเฟรมใหญ่,อุปกรณ์/สิ้นเปลือง,ขวาง 20051 (เส้น 6ม.),,ยังไม่มี,885,เส้น,2,1770,600×300 3 บาน,,,ยังไม่ผูกไฟล์,
มุ้งเฟรมใหญ่,อุปกรณ์/สิ้นเปลือง,ยางอัด (ม.),,ยังไม่มี,5,ม.,30,150,600×300 3 บาน,,,ยังไม่ผูกไฟล์,
มุ้งเฟรมใหญ่,อุปกรณ์/สิ้นเปลือง,ผ้ามุ้ง ไฟเบอร์,,ยังไม่มี,23,ตร.ม.,18,414,600×300 3 บาน,,,ยังไม่ผูกไฟล์,
มุ้งจีบ / ม้วน / รังผึ้ง,อุปกรณ์/สิ้นเปลือง,มุ้งจีบ / ม้วน / รังผึ้ง มุ้งจีบ,,ยังไม่มี,1179,ตร.ม.,4.8,5659.2,200×240 1 บาน,,,ยังไม่ผูกไฟล์,
ตู้อลูมิเนียม,อุปกรณ์/สิ้นเปลือง,บานหน้า Future Tech · เลื่อน · สีดำ · 2 บาน,,ยังไม่มี,6610,บาน,2,13220,120×240 2 บาน,,,ยังไม่ผูกไฟล์,
ตู้อลูมิเนียม,อุปกรณ์/สิ้นเปลือง,ผนังตู้ ซ้าย (อลูทึบ),,ยังไม่มี,1383,ตร.ม.,1.44,1991.52,120×240 2 บาน,,,ยังไม่ผูกไฟล์,
ตู้อลูมิเนียม,อุปกรณ์/สิ้นเปลือง,ผนังตู้ ขวา (อลูทึบ),,ยังไม่มี,1383,ตร.ม.,1.44,1991.52,120×240 2 บาน,,,ยังไม่ผูกไฟล์,
ตู้อลูมิเนียม,อุปกรณ์/สิ้นเปลือง,ชั้นวาง อลู 6 ชั้น (ลึก 0.6×กว้าง 1.2 ม.),,ยังไม่มี,1416,ตร.ม.,4.32,6117.12,120×240 2 บาน,,,ยังไม่ผูกไฟล์,
ฝาตู้ Future Tech (เฉพาะบานหน้า),กระจก,กระจก ใส 5มม.,,ยังไม่มี,205,ตร.ม.,2.88,590.4,120×240 2 บาน,,,ยังไม่ผูกไฟล์,
ฝาตู้ Future Tech (เฉพาะบานหน้า),อุปกรณ์/สิ้นเปลือง,เฟรม (บน+ล่าง+ข้าง) อบขาว/ดำ,JR00245,มี,975,เส้น6ม,1.2,1170,120×240 2 บาน,,,ยังไม่ผูกไฟล์,
ฝาตู้ Future Tech (เฉพาะบานหน้า),อุปกรณ์/สิ้นเปลือง,เสามือจับ อบขาว/ดำ,JR00230,มี,1500,เส้น6ม,0.8,1200,120×240 2 บาน,,,ยังไม่ผูกไฟล์,
ฝาตู้ Future Tech (เฉพาะบานหน้า),อุปกรณ์/สิ้นเปลือง,ฉากประกอบมุม,JR00200,มี,12,ชิ้น,8,96,120×240 2 บาน,,,ยังไม่ผูกไฟล์,
ฝาตู้ Future Tech (เฉพาะบานหน้า),อุปกรณ์/สิ้นเปลือง,สกรู (8/บาน),JR00224,มี,0.5,ตัว,16,8,120×240 2 บาน,,,ยังไม่ผูกไฟล์,
ฝาตู้ Future Tech (เฉพาะบานหน้า),อุปกรณ์/สิ้นเปลือง,ชุดล้อ (4ล้อ),JR00214,มี,100,ชุด,2,200,120×240 2 บาน,,,ยังไม่ผูกไฟล์,
ฝาตู้ Future Tech (เฉพาะบานหน้า),อุปกรณ์/สิ้นเปลือง,รางยู,JR00270,มี,180,เส้น6ม,0.4,72,120×240 2 บาน,,,ยังไม่ผูกไฟล์,
ฝาตู้ Future Tech (เฉพาะบานหน้า),อุปกรณ์/สิ้นเปลือง,ค่ากรีดราง,JR00202,มี,800,ม.,2.4,1920,120×240 2 บาน,,,ยังไม่ผูกไฟล์,
ฝาตู้ Future Tech (เฉพาะบานหน้า),อุปกรณ์/สิ้นเปลือง,ค่าแรง (ผลิต+ติดตั้ง),,ยังไม่มี,87.5,ชม.,24,2100,120×240 2 บาน,,,ยังไม่ผูกไฟล์,
ห้องอาบน้ำ Shower (กระจกเทมเปอร์),กระจก,กระจก เทมเปอร์ใส 10มม.,,ยังไม่มี,695,ตร.ม.,1.2,834,60×200 1 บาน,,,ยังไม่ผูกไฟล์,
ห้องอาบน้ำ Shower (กระจกเทมเปอร์),อุปกรณ์/สิ้นเปลือง,ยูจับกระจก,JR00275,มี,200,ตัว,4,800,60×200 1 บาน,,,ยังไม่ผูกไฟล์,
ห้องอาบน้ำ Shower (กระจกเทมเปอร์),อุปกรณ์/สิ้นเปลือง,บานพับสแตนเลส,JR00248,มี,1450,ตัว,2,2900,60×200 1 บาน,,,ยังไม่ผูกไฟล์,
ห้องอาบน้ำ Shower (กระจกเทมเปอร์),อุปกรณ์/สิ้นเปลือง,ยางปิดหน้าบาน,JR00238,มี,150,เส้น,1,150,60×200 1 บาน,,,ยังไม่ผูกไฟล์,
ห้องอาบน้ำ Shower (กระจกเทมเปอร์),อุปกรณ์/สิ้นเปลือง,มือจับสแตนเลส,JR00274,มี,1500,ตัว,1,1500,60×200 1 บาน,,,ยังไม่ผูกไฟล์,
ห้องอาบน้ำ Shower (กระจกเทมเปอร์),อุปกรณ์/สิ้นเปลือง,ค่าแรงติดตั้ง,,ยังไม่มี,87.5,ชม.,6,525,60×200 1 บาน,,,ยังไม่ผูกไฟล์,
บานเปลือย (ติดตาย/สวิง/เลื่อน),กระจก,กระจก เทมเปอร์ 10มม.,,ยังไม่มี,848,ตร.ม.,2.2,1865.6,100×220 1 บาน,,,ยังไม่ผูกไฟล์,
บานเปลือย (ติดตาย/สวิง/เลื่อน),อุปกรณ์/สิ้นเปลือง,โช้ค+จุดหมุน (สวิง),JR00223,มี,2330,ชุด,1,2330,100×220 1 บาน,,,ยังไม่ผูกไฟล์,
บานเปลือย (ติดตาย/สวิง/เลื่อน),อุปกรณ์/สิ้นเปลือง,มือจับ,JR00251,มี,1500,ตัว,1,1500,100×220 1 บาน,,,ยังไม่ผูกไฟล์,
บานเปลือย (ติดตาย/สวิง/เลื่อน),อุปกรณ์/สิ้นเปลือง,ล็อค,JR00231,มี,1200,ชุด,1,1200,100×220 1 บาน,,,ยังไม่ผูกไฟล์,
บานหมุน (Pivot),อลูมิเนียม,วงกบ 3 ด้าน F7859,F7859,มี,1049.1,เส้น,1,1049.1,150×200 1 บาน,,,ยังไม่ผูกไฟล์,
บานหมุน (Pivot),อลูมิเนียม,ธรณี F7938B,F7938B,มี,1530,เส้น,1,1530,150×200 1 บาน,,,ยังไม่ผูกไฟล์,
บานหมุน (Pivot),อลูมิเนียม,ตบธรณี F7960,F7960,มี,571.5,เส้น,1,571.5,150×200 1 บาน,,,ยังไม่ผูกไฟล์,
บานหมุน (Pivot),อลูมิเนียม,กรอบประตู 7864,F7864,มี,1995,เส้น,2,3990,150×200 1 บาน,,,ยังไม่ผูกไฟล์,
บานหมุน (Pivot),อลูมิเนียม,คิ้ว F7935,F7935,มี,453.3,เส้น,2,906.6,150×200 1 บาน,,,ยังไม่ผูกไฟล์,
บานหมุน (Pivot),กระจก,กระจก เขียว 6มม.,,ยังไม่มี,264,ตร.ม.,3,792,150×200 1 บาน,,,ยังไม่ผูกไฟล์,
บานหมุน (Pivot),อุปกรณ์/สิ้นเปลือง,จุดหมุน (2 ตัว/บาน),JR00269,มี,450,ชุด,2,900,150×200 1 บาน,,,ยังไม่ผูกไฟล์,
บานหมุน (Pivot),อุปกรณ์/สิ้นเปลือง,มือจับ+ล็อค ใบหลัก,JR00233,มี,1045,ชุด,1,1045,150×200 1 บาน,,,ยังไม่ผูกไฟล์,
บานหมุน (Pivot),อุปกรณ์/สิ้นเปลือง,น็อตเฟรม,JR00212,มี,1,ตัว,8,8,150×200 1 บาน,,,ยังไม่ผูกไฟล์,
บานหมุน (Pivot),อุปกรณ์/สิ้นเปลือง,ยาง,JR00244,มี,11,ม.,7,77,150×200 1 บาน,,,ยังไม่ผูกไฟล์,
บานหมุน (Pivot),อุปกรณ์/สิ้นเปลือง,ซิลิโคน,JR00504,มี,90,หลอด,2,180,150×200 1 บาน,,,ยังไม่ผูกไฟล์,
บานเฟี้ยมยก,อลูมิเนียม,F7968 เฟรมข้าง (เดิมเฟรมบน),F7968,มี,3262,เส้น,1,3262,200×120 2 บาน,,,ใบตัดไม่มีรายการนี้,JR_เฟี้ยมยก
บานเฟี้ยมยก,อลูมิเนียม,F7969 เฟรมล่าง,F7969,มี,1797.3,เส้น,1,1797.3,200×120 2 บาน,,,ใบตัดไม่มีรายการนี้,JR_เฟี้ยมยก
บานเฟี้ยมยก,อลูมิเนียม,F7970 เฟรมบน (เดิมเฟรมข้าง),F7970,มี,1106.5,เส้น,1,1106.5,200×120 2 บาน,,,ใบตัดไม่มีรายการนี้,JR_เฟี้ยมยก
บานเฟี้ยมยก,อลูมิเนียม,F7971 คิ้วเฟรมบน,F7971,มี,520,เส้น,1,520,200×120 2 บาน,,,ใบตัดไม่มีรายการนี้,JR_เฟี้ยมยก
บานเฟี้ยมยก,อลูมิเนียม,F7973 ตบปิดเฟรม ตั้ง (ข้าง),F7973,มี,239,เส้น,0.5456730769230769,130.42,200×120 2 บาน,,,ใบตัดไม่มีรายการนี้,JR_เฟี้ยมยก
บานเฟี้ยมยก,อลูมิเนียม,F7973 ตบปิดเฟรม นอน (ล่าง),F7973,มี,239,เส้น,0.454326923076923,108.58,200×120 2 บาน,,,ใบตัดไม่มีรายการนี้,JR_เฟี้ยมยก
บานเฟี้ยมยก,อลูมิเนียม,F7972 กรอบบาน ตั้ง,F7972,มี,1735,เส้น,0.45913757700205343,796.6,200×120 2 บาน,,,ใบตัดไม่มีรายการนี้,JR_เฟี้ยมยก
บานเฟี้ยมยก,อลูมิเนียม,F7972 กรอบบาน นอน,F7972,มี,1735,เส้น,1.5408624229979468,2673.4,200×120 2 บาน,,,ใบตัดไม่มีรายการนี้,JR_เฟี้ยมยก
บานเฟี้ยมยก,อลูมิเนียม,F7935 คิ้วกระจก ตั้ง,F7935,มี,453.3,เส้น,0.3722543352601156,168.74,200×120 2 บาน,,,ใบตัดไม่มีรายการนี้,JR_เฟี้ยมยก
บานเฟี้ยมยก,อลูมิเนียม,F7935 คิ้วกระจก นอน,F7935,มี,453.3,เส้น,1.6277456647398842,737.86,200×120 2 บาน,,,ใบตัดไม่มีรายการนี้,JR_เฟี้ยมยก
บานเฟี้ยมยก,กระจก,กระจก เขียว 6มม.,,ยังไม่มี,264,ตร.ม.,1.5,395.49,200×120 2 บาน,,,ใบตัดไม่มีรายการนี้,JR_เฟี้ยมยก
บานเฟี้ยมยก,อุปกรณ์/สิ้นเปลือง,HD-640 บานพับล้อบน,HD-640,มี,299,ตัว,1,299,200×120 2 บาน,HD-640,1,ตรง,JR_เฟี้ยมยก
บานเฟี้ยมยก,อุปกรณ์/สิ้นเปลือง,HD-641 บานพับเฟี้ยม,HD-641,มี,72,ตัว,7,504,200×120 2 บาน,HD-641,7,ตรง,JR_เฟี้ยมยก
บานเฟี้ยมยก,อุปกรณ์/สิ้นเปลือง,HD-642 บานพับมือจับ,HD-642,มี,109,ตัว,1,109,200×120 2 บาน,HD-642,1,ตรง,JR_เฟี้ยมยก
บานเฟี้ยมยก,อุปกรณ์/สิ้นเปลือง,HD-643 บานพับไกด์ล่าง,HD-643,มี,199,ตัว,1,199,200×120 2 บาน,HD-643,1,ตรง,JR_เฟี้ยมยก
บานเฟี้ยมยก,อุปกรณ์/สิ้นเปลือง,HD-474 มือจับกลอน,JR00213,มี,85,ตัว,1,85,200×120 2 บาน,JR00213,1,ตรง,JR_เฟี้ยมยก
บานเฟี้ยมยก,อุปกรณ์/สิ้นเปลือง,HD-312 ตลับกลอนล็อค,HD-312,มี,88,ตัว,1,88,200×120 2 บาน,HD-312,1,ตรง,JR_เฟี้ยมยก
บานเฟี้ยมยก,อุปกรณ์/สิ้นเปลือง,HD-1180 ก้านสไลด์,HD-1180,มี,73,ตัว,2,146,200×120 2 บาน,HD-1180,2,ตรง,JR_เฟี้ยมยก
บานเฟี้ยมยก,อุปกรณ์/สิ้นเปลือง,HD-213 ฉากเข้ามุม,HD-213,มี,15,ตัว,8,120,200×120 2 บาน,HD-213,8,ตรง,JR_เฟี้ยมยก
บานเฟี้ยมยก,อุปกรณ์/สิ้นเปลือง,HD-200 ฉากประคองมุม,HD-200,มี,1.5,ตัว,24,36,200×120 2 บาน,HD-200,24,ตรง,JR_เฟี้ยมยก
บานเฟี้ยมยก,อุปกรณ์/สิ้นเปลือง,ยางอัด,JR00768,มี,8,ม.,8.7,69.6,200×120 2 บาน,JR00768,8.7,ตรง,JR_เฟี้ยมยก
บานเฟี้ยมยก,อุปกรณ์/สิ้นเปลือง,ยางรอง,JR00769,มี,8,ม.,8.7,69.6,200×120 2 บาน,JR00769,8.7,ตรง,JR_เฟี้ยมยก
บานเฟี้ยมยก,อุปกรณ์/สิ้นเปลือง,ยางลูกโป่ง 6mm,JR00770,มี,7,ม.,9.74,68.18,200×120 2 บาน,JR00770,9.74,ตรง,JR_เฟี้ยมยก
บานโซลิด,อลูมิเนียม,วงกบ 3 ด้าน F7859,F7859,มี,1049.1,เส้น,1,1049.1,150×200 1 บาน,,,ใบตัดไม่มีรายการนี้,JR_บานโซลิด_3
บานโซลิด,อลูมิเนียม,ธรณี F7938B,F7938B,มี,1530,เส้น,1,1530,150×200 1 บาน,,,ใบตัดไม่มีรายการนี้,JR_บานโซลิด_3
บานโซลิด,อลูมิเนียม,ตบธรณี F7960,F7960,มี,571.5,เส้น,1,571.5,150×200 1 บาน,,,ใบตัดไม่มีรายการนี้,JR_บานโซลิด_3
บานโซลิด,อลูมิเนียม,กรอบประตู 7864,F7864,มี,1995,เส้น,2,3990,150×200 1 บาน,,,ใบตัดไม่มีรายการนี้,JR_บานโซลิด_3
บานโซลิด,อลูมิเนียม,คิ้ว F7935,F7935,มี,453.3,เส้น,2,906.6,150×200 1 บาน,,,ใบตัดไม่มีรายการนี้,JR_บานโซลิด_3
บานโซลิด,อุปกรณ์/สิ้นเปลือง,บานพับ hyda,JR00237,มี,117,ตัว,5,585,150×200 1 บาน,JR00489,5,รหัสไม่ตรง,JR_บานโซลิด_3
บานโซลิด,อุปกรณ์/สิ้นเปลือง,มือจับ+ล็อค ใบหลัก,JR00233,มี,1045,ชุด,1,1045,150×200 1 บาน,,,ใบตัดไม่มีรายการนี้,JR_บานโซลิด_3
บานโซลิด,อุปกรณ์/สิ้นเปลือง,น็อตเฟรม,JR00212,มี,1,ตัว,8,8,150×200 1 บาน,JR00864,8,รหัสไม่ตรง,JR_บานโซลิด_3
บานโซลิด,อุปกรณ์/สิ้นเปลือง,ลูกฟูก2ทาง 2 ฝั่ง,JR00249,มี,432,เส้น,10,4320,150×200 1 บาน,,,ใบตัดไม่มีรายการนี้,JR_บานโซลิด_3
บานโซลิด,อุปกรณ์/สิ้นเปลือง,เส้นคาดตาราง 2 ฝั่ง,JR00263,มี,140,เส้น,23,3220,150×200 1 บาน,,,ใบตัดไม่มีรายการนี้,JR_บานโซลิด_3
บานโซลิด,อุปกรณ์/สิ้นเปลือง,ยาง,JR00244,มี,11,ม.,7,77,150×200 1 บาน,JR00771,7,รหัสไม่ตรง,JR_บานโซลิด_3
บานโซลิด,อุปกรณ์/สิ้นเปลือง,ซิลิโคน,JR00504,มี,90,หลอด,2,180,150×200 1 บาน,,,ใบตัดไม่มีรายการนี้,JR_บานโซลิด_3
บานโซลิด,มีแต่ในใบตัด,สปิงก็อท,,ยังไม่มี,,ตัว,,,150×200 1 บาน,JR00592,4,คิดราคาไม่มีรายการนี้,JR_บานโซลิด_3
บานโซลิด,มีแต่ในใบตัด,ฉากประคองมุม,,ยังไม่มี,,ตัว,,,150×200 1 บาน,JR00267,8,คิดราคาไม่มีรายการนี้,JR_บานโซลิด_3
บานโซลิด,มีแต่ในใบตัด,มือจับ ล็อค+กุญแจ (คิงโบ),,ยังไม่มี,,ชุด,,,150×200 1 บาน,JR00315,1,คิดราคาไม่มีรายการนี้,JR_บานโซลิด_3
บานโซลิด,มีแต่ในใบตัด,ตลับกุญแจไฮด้า,,ยังไม่มี,,ตัว,,,150×200 1 บาน,JR00551,1,คิดราคาไม่มีรายการนี้,JR_บานโซลิด_3
บานโซลิด,มีแต่ในใบตัด,ไส้กุญแจ,,ยังไม่มี,,ตัว,,,150×200 1 บาน,JR00499,1,คิดราคาไม่มีรายการนี้,JR_บานโซลิด_3
บานโซลิด,มีแต่ในใบตัด,แผ่นรับล็อค,,ยังไม่มี,,ชุด,,,150×200 1 บาน,JR00562,1,คิดราคาไม่มีรายการนี้,JR_บานโซลิด_3
บานโซลิด,มีแต่ในใบตัด,ยางวงกบ,,ยังไม่มี,,เมตร,,,150×200 1 บาน,JR00771,7,คิดราคาไม่มีรายการนี้,JR_บานโซลิด_3
บานสำเร็จ YKK,อุปกรณ์/สิ้นเปลือง,บานสำเร็จ YKK Ventilation,,ยังไม่มี,17500,ตร.ม.,2.4,42000,120×200 1 บาน,,,ยังไม่ผูกไฟล์,
ม่านซิป (Zip Screen กันลม),อุปกรณ์/สิ้นเปลือง,ผ้า+โครง Z100 · ผ้า 5 (7.2 ตร.ม.),,ยังไม่มี,1680,ตร.ม.,7.2,12096,300×240 1 บาน,,,ยังไม่ผูกไฟล์,
ม่านซิป (Zip Screen กันลม),อุปกรณ์/สิ้นเปลือง,มอเตอร์ Dooya AM45 (มาตรฐาน),,ยังไม่มี,3000,ชุด,1,3000,300×240 1 บาน,,,ยังไม่ผูกไฟล์,
ม่านซิป (Zip Screen กันลม),อุปกรณ์/สิ้นเปลือง,รีโมท 1 ตัว,,ยังไม่มี,300,ตัว,1,300,300×240 1 บาน,,,ยังไม่ผูกไฟล์,
